id	target	sequence	AF1	AF2	AF3	AF4	AF5	BLOSUM1	BLOSUM2	BLOSUM3	BLOSUM4	BLOSUM5	BLOSUM6	BLOSUM7	BLOSUM8	BLOSUM9	BLOSUM10	PP1	PP2	PP3	F1	F2	F3	F4	F5	F6	KF1	KF2	KF3	KF4	KF5	KF6	KF7	KF8	KF9	KF10	MSWHIM1	MSWHIM2	MSWHIM3	E1	E2	E3	E4	E5	PD1	PD2	PRIN1	PRIN2	PRIN3	ProtFP1	ProtFP2	ProtFP3	ProtFP4	ProtFP5	ProtFP6	ProtFP7	ProtFP8	SV1	SV2	SV3	SV4	ST1	ST2	ST3	ST4	ST5	ST6	ST7	ST8	SVGER1	SVGER2	SVGER3	SVGER4	SVGER5	SVGER6	SVGER7	SVGER8	SVGER9	SVGER10	SVGER11	T1	T2	T3	T4	T5	VHSE1	VHSE2	VHSE3	VHSE4	VHSE5	VHSE6	VHSE7	VHSE8	VSTPV1	VSTPV2	VSTPV3	VSTPV4	VSTPV5	VSTPV6	Z1	Z2	Z3	Z4	Z5
AGLRLKKAAIHR	Positive	AGLRLKKAAIHR	0.14	-0.54	0.05	0.63	0.8	0.15	-0.3	-0.28	-0.1	0.35	0.21	0.47	0.15	0.23	-0.03	-0.25	-0.16	0.43	-0.1	0.45	-0.07	0.71	-0.04	0.43	-0.56	-0.2	0.01	0.29	-0.25	-0.65	0.34	0.05	0.1	0.32	-0.46	0.33	-0.06	0.02	-0.04	-0.16	-0.14	0.01	-0.31	-0.08	-1.05	-0.13	1.39	-0.27	-0.22	-0.26	1.41	-0.26	0.93	-0.29	0.04	0.23	0.1	0.01	-0.17	-0.86	-0.15	-0.14	-0.02	-0.37	-0.33	0.43	0.66	-0.85	-1.05	0.04	-0.11	1.02	-0.18	-2.27	0.21	-1.02	-0.72	0.97	-4.72	0.44	-0.42	0.53	0.76	-0.12	-0.07	-0.12	0.04	0.6	-0.23	0.82	-0.13	-0.84	0.42	0.54	-0.3	0.28	-0.33	0.37	-0.55	-1.19	0.61	0.49
HHGAMNRYYTWLWDNSRFPGRSYLLSAPATQPEASISQ	Positive	HHGAMNRYYTWLWDNSRFPGRSYLLSAPATQPEASISQ	0.03	0.21	-0.44	0.2	-0.12	0.19	0.06	-0.03	0.0	0.02	0.05	0.18	-0.2	0.14	0.04	-0.01	-0.25	0.09	-0.11	-0.2	-0.06	0.19	0.16	-0.06	0.18	-0.09	-0.08	0.02	-0.16	-0.18	-0.16	-0.19	-0.08	-0.08	-0.16	0.5	-0.44	0.03	0.04	0.01	-0.05	0.02	-0.21	-0.01	-1.02	-0.57	0.59	-0.73	-0.28	0.23	0.25	-0.08	-0.12	-0.05	0.08	0.22	0.03	0.01	0.05	-0.75	-0.13	-0.18	-0.15	-0.02	-0.52	0.16	0.26	0.59	-0.5	0.13	0.34	0.15	-0.25	0.7	-0.11	-0.19	0.96	0.71	-3.94	-0.36	0.08	-0.14	0.64	-0.05	0.02	-0.13	0.06	0.04	-0.08	0.02	0.08	-0.73	-0.1	0.28	-0.4	0.34	-0.31	0.15	0.05	0.03	-0.01	0.3
VYRVIWFVGR	Positive	VYRVIWFVGR	-0.39	0.04	1.05	0.27	0.66	-0.63	0.08	-0.24	-0.08	-0.09	0.24	0.21	0.09	0.09	0.02	-0.37	0.08	0.06	-0.27	0.01	0.54	0.25	-0.37	0.77	0.04	0.29	1.01	-0.19	-0.33	-0.25	-0.1	0.4	-0.26	0.2	-0.19	0.6	-0.17	-0.14	0.01	0.04	-0.13	-0.12	0.86	-0.43	4.09	1.18	0.79	2.77	0.31	0.33	0.32	0.12	0.46	0.9	0.04	0.22	0.07	0.09	-0.1	-0.5	-0.16	0.09	-0.07	-0.42	-0.21	0.2	0.32	1.74	-0.16	0.13	0.09	0.69	0.05	1.15	0.75	-0.81	1.85	0.78	-2.37	-0.06	-0.24	-0.02	0.3	0.4	0.27	0.36	-0.14	0.51	-0.37	0.04	-0.15	-0.51	0.15	0.17	-0.2	-0.02	-0.27	-1.37	-0.04	-1.09	0.38	-0.42
FLSFVFPASAWGG	Positive	FLSFVFPASAWGG	-0.63	0.2	-0.44	0.48	-0.31	-0.35	0.01	0.34	0.01	-0.27	0.26	0.32	-0.02	0.33	-0.17	-0.62	-0.27	0.01	0.24	-0.31	-0.1	0.6	0.1	-0.33	0.11	-0.42	-0.25	-0.63	-0.13	-0.6	0.01	0.17	-0.1	-0.09	-0.2	0.53	-0.58	-0.06	0.16	-0.04	-0.06	0.11	-0.7	-0.71	2.9	-3.18	1.09	1.07	-2.44	0.59	0.01	-0.53	0.2	-0.22	0.43	0.22	0.16	0.07	0.04	-0.9	-0.29	-0.02	-0.01	-0.46	-0.98	0.07	0.6	0.15	0.65	-0.15	0.43	1.17	0.03	-0.79	1.25	-0.73	0.39	1.08	-4.81	-1.28	-0.02	-0.03	0.96	0.54	-0.32	-0.44	-0.04	0.02	-0.54	-0.15	-0.15	-0.89	-0.23	0.41	-0.43	0.18	-0.92	-1.25	-0.68	0.52	-0.04	0.2
ETYVFDNHFHAP	Positive	ETYVFDNHFHAP	0.04	-0.06	0.16	-0.06	-0.2	0.14	0.31	-0.23	0.45	-0.27	-0.17	0.01	-0.19	0.16	-0.02	0.03	-0.26	-0.18	-0.24	-0.04	0.07	-0.09	0.22	-0.26	0.04	0.08	-0.22	-0.07	0.16	-0.1	-0.41	0.23	0.59	0.15	0.16	0.42	-0.56	0.0	-0.0	0.01	0.03	0.06	0.12	-0.02	0.01	0.05	-0.11	-0.04	0.14	-0.13	-0.33	-0.14	-0.53	-0.17	-0.3	0.22	-0.01	0.08	0.05	-0.62	-0.18	-0.03	-0.28	0.04	-0.16	0.04	0.01	-0.5	0.97	0.84	0.73	-0.01	0.11	0.64	0.59	0.67	-0.8	-0.45	-3.11	-0.71	0.28	-0.58	0.35	0.02	0.06	0.05	-0.17	-0.26	0.14	-0.08	0.3	-0.61	-0.38	0.05	-0.44	0.21	-0.31	0.07	0.51	0.48	0.04	0.2
WMRWGRSWGR	Positive	WMRWGRSWGR	0.12	0.3	0.66	-0.33	1.08	-0.01	0.67	0.38	-0.67	0.35	0.46	0.29	0.05	-0.16	0.06	0.04	0.21	0.3	-0.12	-0.3	0.36	-0.29	-0.48	0.44	0.39	0.53	0.12	0.03	-0.66	0.4	0.23	0.13	-1.18	0.2	0.02	0.48	-0.12	0.0	-0.04	0.13	-0.02	-0.01	1.06	0.24	0.25	2.79	0.59	0.28	1.36	1.86	-0.25	0.23	0.99	-0.15	0.37	0.2	0.01	0.14	0.02	-0.33	0.25	0.01	-0.22	-0.14	-0.68	0.75	0.77	4.18	-0.18	-0.84	0.17	0.43	-0.71	3.44	-0.29	-0.9	5.01	1.27	-1.49	0.16	-0.56	-0.41	0.55	0.0	0.61	0.32	1.02	0.57	0.2	0.34	-0.33	-0.38	0.2	0.18	-0.01	0.87	-0.28	0.11	0.99	-0.64	1.52	-0.64
LGFSGWYWQGLYGLGSHDPGFIHEQSPAEVAMEDTEQS	Positive	LGFSGWYWQGLYGLGSHDPGFIHEQSPAEVAMEDTEQS	-0.05	0.16	-0.44	0.18	-0.37	0.21	0.13	0.09	-0.01	-0.19	0.15	0.06	0.05	0.21	0.12	-0.1	-0.36	-0.1	-0.14	-0.22	-0.19	0.31	0.01	-0.44	0.09	-0.27	-0.3	-0.07	-0.07	-0.16	-0.06	0.18	-0.29	-0.04	-0.09	0.37	-0.52	0.03	0.07	-0.03	0.0	0.08	-0.55	-0.01	-0.83	-1.82	0.39	-1.03	-1.2	0.13	-0.46	-0.4	0.34	-0.07	-0.01	0.21	0.03	-0.0	0.02	-0.85	-0.16	-0.15	-0.11	-0.05	-0.62	0.1	0.47	-0.4	-0.04	-0.22	0.74	0.07	0.12	-0.62	-0.07	-0.15	-0.41	0.25	-4.5	-0.45	0.11	-0.1	0.84	0.0	-0.15	-0.37	0.21	-0.34	-0.29	0.17	-0.15	-0.82	-0.09	0.36	-0.46	0.47	-0.47	0.16	-0.49	0.19	-0.47	0.1
HFFKWHTRTNDQ	Positive	HFFKWHTRTNDQ	0.36	-0.08	0.18	-0.4	0.29	0.27	0.55	-0.25	0.17	0.12	0.09	-0.09	-0.32	-0.05	-0.09	0.38	-0.05	0.04	-0.26	0.04	0.27	-0.38	-0.13	0.25	0.06	0.48	-0.01	0.31	0.21	0.11	-0.09	0.08	0.32	0.03	0.24	0.52	-0.4	0.03	-0.1	0.06	0.01	-0.02	0.84	0.45	-1.47	2.75	-0.44	-0.5	1.94	0.31	-0.03	0.45	-0.2	-0.21	0.1	0.21	-0.1	0.09	0.03	-0.4	0.0	-0.05	-0.38	0.19	0.17	0.33	0.07	1.48	0.54	0.51	0.49	0.21	-0.13	2.56	0.01	0.36	1.62	-0.69	-1.82	0.08	0.07	-0.71	0.18	-0.23	0.39	0.39	0.13	0.18	0.64	0.01	0.1	-0.42	-0.16	-0.06	-0.3	0.54	-0.06	0.69	1.15	-0.29	0.66	-0.02
PWWWVSWVDAGGGSLALPTQPSD	Positive	PWWWVSWVDAGGGSLALPTQPSD	-0.28	0.48	-1.14	0.26	-0.8	0.04	-0.01	0.45	-0.34	-0.28	0.08	0.07	-0.13	0.08	0.15	-0.27	-0.33	-0.05	-0.14	-0.5	-0.17	0.34	0.23	-0.45	0.37	-0.32	-0.29	-0.35	-0.22	-0.3	-0.23	-0.32	-0.59	-0.05	-0.24	0.45	-0.64	0.01	0.13	0.03	-0.05	0.09	-0.63	-0.22	0.43	-2.43	1.49	-0.47	-1.65	0.53	-0.33	-0.57	-0.02	0.12	0.32	0.2	0.11	-0.01	0.02	-0.86	-0.3	-0.3	-0.13	-0.11	-0.91	0.2	0.33	-0.36	-0.16	0.47	0.32	0.42	-0.25	-0.51	0.68	-0.16	-0.87	0.75	-4.5	-1.25	0.21	-0.04	0.89	0.22	-0.1	-0.39	0.03	-0.17	-0.5	-0.04	0.11	-0.84	-0.34	0.44	-0.43	0.22	-0.63	-0.52	-0.49	0.38	-0.08	0.28
VIYYFLVMFM	Positive	VIYYFLVMFM	-0.78	-0.47	1.4	-0.03	0.37	-1.26	-0.01	-0.66	0.2	-0.26	0.13	0.06	0.05	0.1	-0.1	-0.66	0.1	-0.24	0.5	0.43	0.83	0.19	-0.17	0.24	-0.37	0.37	0.57	-0.81	0.43	-0.36	-0.08	0.44	0.1	0.12	-0.16	0.82	-0.32	-0.26	-0.01	-0.0	-0.04	-0.01	1.15	-1.14	8.43	0.65	-0.1	5.24	0.05	-0.41	-0.0	-0.28	-0.17	0.18	0.15	0.24	0.03	0.12	-0.03	-0.47	-0.1	0.47	-0.0	-0.48	0.43	-0.28	-0.22	1.56	1.06	0.27	-0.88	0.06	0.72	1.24	1.3	-0.36	1.27	-0.66	-2.34	-0.27	-0.59	0.25	-0.24	1.04	0.14	0.54	-0.53	0.3	-0.45	-0.69	-0.36	-0.49	0.28	0.22	0.43	-0.35	-0.04	-3.26	0.0	-0.24	0.18	-0.51
LNFMIFYLSLNPW	Positive	LNFMIFYLSLNPW	-0.42	-0.02	0.28	0.01	-0.06	-0.61	0.08	-0.28	0.09	-0.17	0.17	0.06	-0.14	-0.24	-0.19	-0.35	0.01	-0.17	0.52	0.01	0.55	0.25	0.2	-0.21	0.09	0.31	-0.09	-0.65	0.01	-0.5	0.08	0.01	0.29	-0.28	-0.1	0.7	-0.41	-0.12	0.02	0.04	-0.06	0.1	0.73	-0.69	4.84	0.4	0.63	2.68	0.09	0.11	-0.07	-0.55	-0.36	0.09	-0.19	0.24	0.02	0.1	0.01	-0.54	-0.14	0.13	-0.19	-0.22	0.29	-0.11	-0.15	1.26	-0.03	1.28	-0.68	0.05	0.08	1.9	0.98	-0.21	0.89	-0.32	-2.65	-0.49	-0.21	0.02	0.03	0.7	0.26	0.34	-0.16	0.12	-0.33	-0.37	-0.18	-0.54	-0.01	0.18	0.12	-0.01	-0.16	-2.16	0.53	0.19	0.04	0.26
ADYLSRWGSIRN	Positive	ADYLSRWGSIRN	0.09	0.29	-0.32	0.26	0.11	0.18	0.08	0.05	0.03	0.1	0.34	0.1	-0.06	0.04	-0.06	0.08	-0.18	0.15	-0.15	-0.25	0.04	0.28	-0.27	0.12	0.3	-0.01	0.15	0.15	-0.64	-0.2	-0.26	0.11	-0.19	-0.05	-0.21	0.34	-0.34	0.04	0.02	0.02	-0.07	-0.04	-0.03	0.11	-1.4	0.15	0.14	-0.77	0.11	0.1	0.0	0.26	0.22	0.37	0.1	0.22	-0.01	0.01	0.03	-0.7	-0.07	-0.25	-0.14	0.04	-0.52	0.2	0.44	1.53	-1.3	0.18	0.23	0.15	-0.35	1.4	-0.74	-0.67	2.39	1.38	-3.69	0.16	0.12	-0.06	0.79	-0.14	0.23	-0.07	0.22	0.04	0.06	0.2	-0.19	-0.69	0.06	0.29	-0.51	0.52	-0.22	0.51	0.2	-0.25	-0.12	0.19
GFAWSSYLGTTVH	Positive	GFAWSSYLGTTVH	-0.4	0.31	-0.09	0.35	0.06	-0.18	0.12	0.24	0.15	-0.09	0.32	0.23	-0.33	0.26	0.09	-0.22	-0.33	0.15	0.06	-0.36	-0.14	0.41	-0.25	-0.07	0.21	-0.37	0.2	-0.25	-0.06	-0.32	-0.23	0.12	-0.44	0.24	-0.18	0.56	-0.65	-0.02	0.13	-0.01	-0.05	-0.02	-0.63	-0.23	0.98	-2.49	0.27	0.27	-1.85	0.52	0.09	0.08	0.23	0.17	0.28	0.22	0.12	0.04	0.11	-0.85	-0.28	-0.19	-0.11	-0.1	-0.95	0.09	0.43	0.19	0.29	0.09	0.56	0.76	-0.17	-0.41	0.41	-0.46	0.15	0.91	-4.62	-0.97	0.24	-0.1	0.98	0.23	-0.29	-0.41	-0.04	0.05	-0.3	-0.08	-0.29	-0.85	-0.26	0.41	-0.55	0.31	-0.61	-0.38	-0.82	0.05	-0.09	-0.13
WHWNAPWWNGVY	Positive	WHWNAPWWNGVY	-0.17	0.35	0.43	-0.57	0.15	-0.25	0.85	0.43	-0.24	-0.1	0.07	0.12	-0.21	-0.17	0.28	-0.07	0.05	-0.09	-0.03	-0.46	0.5	-0.38	-0.22	-0.34	0.47	0.47	-0.24	-0.54	-0.18	0.1	-0.33	0.2	-0.59	-0.28	0.3	0.59	-0.56	-0.06	0.02	0.16	0.03	0.11	0.88	-0.09	3.02	1.3	0.84	1.52	0.56	1.52	-0.65	-0.39	0.23	0.29	-0.32	0.2	0.05	0.17	0.04	-0.32	-0.09	-0.02	-0.46	0.03	-0.6	0.36	0.26	1.54	1.21	1.69	0.46	0.08	-0.61	2.58	1.44	0.33	0.22	-0.24	-1.33	-1.54	0.2	-0.77	0.4	0.43	0.49	0.28	0.4	0.22	-0.18	-0.06	-0.26	-0.38	-0.6	0.09	-0.16	0.42	-0.4	-1.11	1.22	0.53	1.19	-0.14
RESTLKGTSRAV	Positive	RESTLKGTSRAV	0.2	0.03	-0.13	0.75	0.31	0.42	-0.39	-0.1	-0.15	0.22	0.34	0.16	-0.31	0.27	-0.05	0.08	-0.35	0.36	-0.53	0.03	-0.36	0.61	-0.02	0.46	-0.09	-0.36	0.35	0.56	-0.39	-0.37	0.06	-0.29	-0.41	0.32	-0.52	0.38	-0.28	0.09	0.02	-0.1	-0.13	-0.1	-0.69	0.23	-3.68	-1.06	0.6	-1.98	-0.51	-0.43	0.96	0.14	0.38	0.18	0.4	0.23	0.06	-0.08	0.03	-0.95	-0.27	-0.41	0.02	-0.04	-0.6	0.29	0.42	0.27	-1.66	-0.84	0.18	0.66	-0.09	-0.72	-1.04	-0.83	1.32	1.43	-5.16	0.49	0.03	0.31	0.93	-0.44	-0.19	-0.31	-0.05	0.15	-0.07	0.37	0.03	-0.9	0.28	0.45	-0.65	0.29	-0.27	1.18	-0.89	-0.97	-0.48	0.17
FHWTWYW	Positive	FHWTWYW	-0.32	0.03	1.08	-1.17	0.37	-0.94	1.49	0.29	-0.27	0.01	0.02	-0.15	-0.48	0.01	0.14	0.1	0.45	-0.21	0.54	-0.11	1.24	-0.81	-0.45	-0.02	0.27	1.23	-0.11	-0.83	-0.25	0.21	-0.38	0.04	-0.67	0.02	0.71	0.85	-0.51	-0.18	-0.1	0.24	0.04	0.1	2.49	-0.11	6.72	4.67	0.18	4.29	2.64	1.74	-1.13	-0.22	0.1	0.1	0.28	0.2	-0.02	0.34	0.12	0.22	0.02	0.3	-0.75	0.07	-0.13	0.38	0.04	5.52	2.46	1.91	0.43	0.18	-0.2	7.33	1.92	0.38	4.4	-1.19	1.83	-1.62	0.05	-1.47	-0.24	0.84	1.09	1.05	0.28	0.5	0.2	-0.74	-0.32	0.08	-0.75	-0.31	0.22	0.48	-0.24	-2.37	2.28	0.34	1.91	-1.02
WMQSWYYHWGGGETFPIRRDSGG	Positive	WMQSWYYHWGGGETFPIRRDSGG	0.02	0.46	0.36	-0.1	0.42	0.12	0.46	0.29	-0.13	-0.1	0.24	0.19	0.03	0.06	0.07	-0.04	-0.17	0.05	-0.08	-0.54	0.02	-0.01	-0.25	-0.17	0.49	0.02	-0.04	-0.08	-0.17	0.11	0.03	0.37	-0.61	0.03	0.04	0.4	-0.43	0.03	0.07	0.09	-0.0	0.03	-0.01	0.12	-0.45	-0.27	0.55	-0.77	-0.49	1.26	-0.59	-0.09	0.47	0.12	0.14	0.2	0.03	0.07	0.04	-0.65	0.01	-0.03	-0.16	-0.09	-0.78	0.24	0.59	1.08	0.37	-0.41	0.75	0.31	-0.08	0.72	0.02	-0.3	1.36	0.64	-3.34	-0.43	-0.09	-0.35	0.77	0.02	0.14	-0.18	0.63	-0.02	-0.09	0.21	-0.2	-0.65	-0.08	0.23	-0.33	0.66	-0.52	0.15	0.04	0.04	0.24	-0.31
SRGFWLVWEQ	Positive	SRGFWLVWEQ	-0.13	-0.05	-0.23	-0.04	-0.25	-0.2	0.39	0.03	-0.4	0.03	0.3	-0.06	0.03	0.11	0.09	-0.06	0.01	-0.12	-0.14	0.09	0.36	0.14	-0.2	0.07	-0.08	0.31	-0.02	-0.17	-0.42	-0.16	0.08	0.01	-0.57	-0.14	0.02	0.55	-0.31	-0.05	-0.03	0.01	-0.04	0.04	0.72	-0.04	1.66	1.08	0.37	1.01	0.62	0.27	-0.38	-0.32	0.69	0.12	0.15	0.22	-0.01	0.08	-0.02	-0.48	-0.09	-0.04	-0.23	-0.12	-0.25	0.33	0.47	2.62	-0.26	-0.08	0.46	0.16	-0.03	2.65	0.13	-0.56	2.76	0.07	-2.21	-0.14	-0.08	-0.34	0.45	0.22	0.35	0.26	0.23	0.08	-0.19	-0.01	-0.33	-0.49	-0.01	0.14	-0.24	0.45	-0.26	-0.7	0.4	-0.43	0.12	-0.25
RPPGVVRRYALG	Positive	RPPGVVRRYALG	0.02	0.44	0.31	0.73	0.66	0.15	-0.25	-0.05	-0.22	-0.07	-0.06	0.59	0.12	0.05	-0.03	-0.38	-0.17	0.28	-0.49	-0.43	-0.12	0.51	0.38	0.44	0.42	-0.2	0.42	0.09	-0.3	-0.41	0.36	-0.06	-0.12	0.45	-0.39	0.41	-0.15	0.03	0.08	0.03	-0.16	-0.03	-0.36	-0.21	-0.73	-0.79	2.32	-0.71	-0.9	1.08	0.78	-0.34	0.22	0.34	0.01	0.21	0.15	0.0	-0.09	-0.86	-0.09	-0.06	0.09	-0.52	-0.79	0.25	0.54	-0.85	-0.72	-0.41	0.42	0.8	-0.25	-1.86	0.48	-0.63	-0.47	1.76	-4.49	-0.13	-0.33	0.22	0.72	-0.06	-0.03	-0.22	0.3	0.4	-0.46	0.55	0.44	-0.82	0.22	0.33	-0.46	-0.0	-0.61	-0.03	-0.54	-0.8	0.27	0.28
FFPSSWYSHLGVL	Positive	FFPSSWYSHLGVL	-0.48	0.38	-0.94	0.16	-0.64	-0.38	0.21	0.01	0.14	-0.19	0.09	0.2	-0.16	0.14	-0.09	-0.3	-0.15	0.0	0.18	-0.3	0.19	0.34	0.16	-0.13	0.31	-0.01	-0.02	-0.54	0.05	-0.58	-0.35	-0.12	-0.09	0.21	-0.1	0.66	-0.56	-0.07	0.1	0.05	-0.07	0.05	0.02	-0.44	3.04	-1.11	0.76	1.35	-0.94	0.62	0.03	-0.37	-0.22	0.05	0.03	0.22	0.08	0.1	0.08	-0.68	-0.15	0.03	-0.2	-0.23	-0.47	0.05	0.22	2.39	0.07	0.28	0.24	0.59	-0.16	2.47	0.82	-0.54	2.77	0.57	-3.45	-1.03	-0.04	-0.32	0.48	0.48	-0.03	-0.04	-0.08	0.11	-0.3	-0.3	0.01	-0.67	-0.3	0.22	-0.15	0.28	-0.55	-1.27	-0.0	0.35	0.14	0.08
DSWPLRIYSGLSNYYHYFPGSLVYNMMYPSLSRLPKGD	Positive	DSWPLRIYSGLSNYYHYFPGSLVYNMMYPSLSRLPKGD	-0.04	0.49	-0.38	0.15	-0.15	-0.01	0.09	-0.1	0.08	-0.14	0.02	0.19	-0.1	-0.0	-0.1	-0.1	-0.2	0.05	-0.05	-0.43	0.12	0.24	0.18	-0.12	0.51	0.03	0.0	-0.17	0.03	-0.41	-0.17	-0.06	-0.11	0.19	-0.17	0.49	-0.42	0.01	0.06	0.08	-0.07	0.02	-0.02	-0.17	0.32	-0.3	0.93	-0.25	-0.28	0.63	-0.01	-0.31	-0.3	0.25	-0.01	0.22	0.03	0.04	0.05	-0.71	-0.03	-0.0	-0.12	-0.12	-0.37	-0.04	0.15	1.24	-0.47	0.18	0.08	0.09	-0.05	1.36	0.09	-0.3	1.75	0.7	-3.69	-0.38	-0.12	-0.1	0.45	0.13	0.13	-0.05	0.18	0.04	-0.16	-0.05	0.11	-0.69	-0.02	0.22	-0.18	0.26	-0.35	-0.47	0.12	0.17	-0.08	0.19
SRVHRAVLNGVS	Positive	SRVHRAVLNGVS	-0.18	0.14	-0.79	0.68	-0.12	0.17	-0.34	-0.19	0.17	0.11	0.31	0.33	-0.07	0.09	0.16	-0.15	-0.34	0.3	-0.63	-0.0	-0.29	0.53	-0.15	0.51	-0.05	-0.41	0.61	0.24	-0.16	-0.33	-0.42	0.03	-0.14	0.35	-0.49	0.47	-0.39	0.01	0.06	-0.08	-0.09	-0.13	-0.68	-0.08	-1.01	-1.63	0.08	-0.36	-1.05	-0.34	1.0	0.46	0.28	0.3	-0.3	0.23	0.08	-0.05	-0.01	-0.96	-0.23	-0.35	0.01	-0.12	-0.59	0.34	0.4	0.06	-1.46	-0.27	0.23	0.49	-0.68	-0.73	-0.46	-0.79	0.58	1.49	-5.15	0.04	0.09	0.28	0.89	-0.18	-0.37	-0.32	-0.21	0.23	-0.17	0.39	-0.07	-0.91	0.09	0.51	-0.58	0.25	-0.23	0.63	-0.76	-0.71	-0.02	0.37
YIWPLMGSHYAK	Positive	YIWPLMGSHYAK	-0.15	0.12	0.23	-0.1	0.28	-0.26	0.23	-0.1	-0.02	-0.05	-0.04	0.3	-0.05	0.12	0.07	-0.25	-0.09	0.11	0.21	-0.17	0.28	0.12	0.04	-0.11	0.16	0.11	-0.06	-0.34	0.23	-0.31	-0.16	0.06	-0.3	0.13	-0.11	0.57	-0.39	-0.05	0.03	0.05	-0.05	0.06	0.24	-0.3	2.24	0.05	1.21	1.0	-0.21	0.77	0.26	-0.51	0.09	0.02	-0.04	0.22	0.07	0.1	0.0	-0.61	-0.05	0.12	-0.18	-0.22	-0.37	0.09	0.21	1.13	0.39	0.38	-0.07	0.34	0.01	0.89	0.85	-0.29	0.93	0.13	-3.22	-0.72	-0.33	-0.08	0.35	0.36	0.12	0.06	0.13	0.32	-0.31	0.02	-0.06	-0.63	-0.06	0.31	0.1	0.28	-0.37	-1.06	0.1	0.04	0.64	-0.04
FSWEAFA	Positive	FSWEAFA	-0.38	-0.55	-0.04	0.14	-0.45	-0.33	0.32	0.19	-0.06	-0.08	0.24	-0.04	-0.11	0.66	-0.18	-0.32	-0.13	-0.2	0.27	0.38	0.18	0.31	-0.03	-0.43	-0.55	-0.02	-0.69	-0.48	-0.59	-0.38	-0.2	0.12	0.03	-0.4	0.07	0.47	-0.49	-0.07	-0.0	-0.11	0.01	0.17	0.1	-0.5	2.5	-0.94	-0.09	1.57	-0.56	-0.57	-0.34	-0.57	0.34	-0.66	0.57	0.23	0.06	0.13	0.07	-0.61	-0.31	-0.02	-0.22	-0.21	-0.65	0.17	0.55	1.84	0.92	0.01	0.57	0.63	0.32	1.76	0.76	-0.45	2.36	0.35	-3.14	-0.95	0.16	-0.45	0.73	0.43	0.09	0.01	-0.21	-0.17	-0.18	-0.38	-0.3	-0.64	-0.3	0.2	-0.45	0.32	-0.61	-0.97	0.34	0.71	-0.03	0.03
SVAFYDYLPTDLP	Positive	SVAFYDYLPTDLP	-0.17	0.31	-0.72	0.4	-0.8	-0.14	-0.15	-0.1	0.11	-0.41	-0.21	-0.04	-0.19	0.17	-0.16	-0.22	-0.3	-0.19	-0.06	-0.31	0.1	0.43	0.51	-0.35	0.35	-0.1	-0.17	-0.33	-0.13	-0.67	-0.26	-0.33	0.29	0.27	-0.19	0.42	-0.55	-0.01	0.08	0.04	-0.09	0.07	-0.21	-0.39	0.97	-1.26	1.26	0.16	-0.73	-0.2	-0.33	-0.6	-0.81	0.29	0.37	0.22	0.05	-0.0	0.02	-0.77	-0.26	-0.09	-0.11	-0.14	-0.34	-0.24	-0.09	-0.58	-0.12	0.96	0.14	0.07	0.35	0.07	0.65	0.19	-0.69	0.45	-4.0	-0.83	0.23	-0.07	0.44	0.27	0.12	-0.07	-0.35	-0.29	-0.31	-0.36	0.44	-0.74	-0.21	0.18	-0.43	-0.2	-0.44	-0.96	-0.12	0.43	-0.63	0.4
GENFCPYSFFGCG	Positive	GENFCPYSFFGCG	-0.33	0.6	0.57	0.01	0.35	-0.07	0.18	0.53	0.35	-0.07	0.09	0.17	0.16	0.12	-0.3	-0.36	-0.34	-0.04	0.17	-0.69	-0.34	-0.06	-0.15	-0.41	0.61	-0.35	-0.21	-0.44	-0.07	0.1	0.54	0.63	0.22	0.03	0.01	0.31	-0.48	0.01	0.17	0.07	0.08	0.04	-0.82	-0.19	0.93	-2.42	-0.64	-0.22	-2.22	1.54	-0.88	0.07	0.17	-0.02	-0.02	0.21	0.08	0.06	0.13	-0.9	-0.11	0.16	0.12	-0.33	-0.91	-0.01	0.49	-0.88	1.61	-1.04	0.65	0.46	0.14	-1.67	0.46	-0.11	-0.32	0.71	-4.86	-0.8	-0.08	-0.23	0.98	0.18	-0.39	-0.51	0.57	-0.26	-0.03	-0.1	-0.2	-0.88	-0.1	0.31	-0.42	0.5	-0.77	-0.04	-0.48	1.24	-0.41	-0.44
GWQSGWEWWIGGGNWTSNTTH	Positive	GWQSGWEWWIGGGNWTSNTTH	-0.1	0.53	0.41	-0.15	0.38	0.16	0.5	0.6	-0.2	-0.07	0.49	0.07	-0.27	-0.08	0.26	0.05	-0.27	0.06	-0.04	-0.65	-0.11	-0.01	-0.48	-0.36	0.5	-0.14	-0.05	-0.12	-0.23	0.23	-0.04	0.34	-0.94	-0.32	0.04	0.47	-0.64	0.04	0.11	0.08	0.02	0.04	-0.31	0.22	-0.53	-1.37	0.27	-0.91	-1.15	1.23	-0.65	0.01	0.67	0.32	0.02	0.2	0.06	0.04	0.1	-0.71	-0.2	-0.3	-0.25	0.14	-0.97	0.33	0.56	0.25	0.37	0.34	0.74	0.39	-0.39	0.09	0.13	-0.14	-0.36	0.37	-3.7	-0.92	0.32	-0.35	1.04	0.04	-0.02	-0.37	0.54	-0.1	-0.21	0.2	-0.53	-0.72	-0.34	0.36	-0.52	0.73	-0.53	0.24	-0.24	0.13	0.11	-0.27
FHWTWQFPYTST	Positive	FHWTWQFPYTST	-0.15	0.29	0.32	-0.34	-0.01	-0.29	0.57	0.07	-0.08	-0.09	-0.05	-0.06	-0.65	0.14	-0.04	0.08	-0.01	-0.06	0.2	-0.32	0.42	-0.3	0.15	0.05	0.36	0.41	0.09	-0.3	0.1	0.02	-0.15	-0.39	-0.17	-0.18	0.22	0.82	-0.59	-0.05	0.01	0.14	-0.02	0.01	0.81	-0.05	1.93	1.21	0.57	1.1	0.78	0.9	-0.16	-0.02	-0.61	0.06	0.56	0.2	0.01	0.13	0.15	-0.37	-0.18	-0.0	-0.39	0.05	-0.3	0.11	-0.1	2.42	1.12	0.7	0.42	0.43	0.03	3.52	0.92	0.35	2.28	-0.4	-1.66	-1.11	0.2	-0.83	0.16	0.32	0.35	0.33	-0.11	0.22	0.1	-0.68	0.2	-0.42	-0.51	-0.07	-0.22	0.21	-0.35	-1.04	0.78	0.18	0.46	-0.31
WHWWYWALDR	Positive	WHWWYWALDR	-0.08	-0.16	-0.03	-0.78	-0.07	-0.55	1.08	0.24	-0.44	0.13	0.04	-0.15	-0.11	-0.03	0.23	0.12	0.33	-0.16	0.23	0.12	0.96	-0.45	-0.38	-0.08	0.04	0.98	-0.38	-0.52	-0.71	0.04	-0.39	-0.09	-0.65	0.18	0.42	0.54	-0.36	-0.11	-0.12	0.14	0.02	0.13	1.98	0.04	4.12	4.16	0.35	2.89	2.52	0.91	-1.04	-0.32	0.47	-0.03	0.16	0.2	-0.03	0.23	-0.01	0.02	0.06	0.08	-0.63	0.08	-0.17	0.52	0.28	4.21	0.9	1.83	0.27	-0.2	-0.45	5.56	1.05	0.06	3.25	-0.43	0.61	-0.92	0.02	-0.96	0.05	0.51	1.07	0.85	0.35	0.31	0.15	-0.23	-0.3	-0.09	-0.44	-0.08	0.05	0.53	-0.09	-1.41	2.0	0.06	1.64	-0.5
WGWPTWWGWTGGDARHPSAPEAH	Positive	WGWPTWWGWTGGDARHPSAPEAH	-0.06	0.39	-0.12	-0.03	0.06	0.22	0.39	0.59	-0.32	-0.16	0.01	0.24	-0.15	0.09	0.22	-0.14	-0.24	0.06	-0.09	-0.54	-0.16	0.0	0.16	-0.46	0.38	-0.15	-0.46	-0.24	-0.29	0.08	-0.11	-0.08	-0.63	0.06	0.01	0.4	-0.58	0.04	0.09	0.06	0.0	0.13	-0.38	0.05	-0.45	-1.38	1.48	-0.9	-1.13	1.28	-0.42	-0.52	0.26	-0.23	0.12	0.19	0.12	0.07	0.04	-0.71	-0.2	-0.23	-0.26	-0.07	-1.1	0.44	0.52	-0.37	0.76	0.46	0.75	0.55	-0.41	-0.42	0.88	0.13	-1.09	0.61	-3.71	-1.38	0.14	-0.4	0.9	0.08	0.02	-0.33	0.42	-0.05	-0.29	0.23	0.14	-0.73	-0.45	0.34	-0.43	0.49	-0.71	0.07	-0.02	0.41	0.68	0.04
HFAYWWNGVRGP	Positive	HFAYWWNGVRGP	-0.14	0.37	0.6	-0.11	0.55	-0.1	0.56	0.29	-0.04	-0.12	0.1	0.36	-0.01	0.0	0.08	-0.22	-0.06	0.06	-0.1	-0.49	0.2	-0.05	-0.13	-0.1	0.45	0.15	-0.05	-0.33	-0.11	-0.06	0.0	0.42	-0.28	0.04	0.14	0.48	-0.43	-0.02	0.06	0.1	-0.02	0.06	0.27	-0.14	1.57	0.13	1.01	0.57	-0.37	1.57	-0.27	-0.24	0.37	0.12	-0.15	0.2	0.09	0.14	0.01	-0.55	-0.04	0.06	-0.23	-0.23	-0.78	0.29	0.55	0.58	1.03	0.5	0.75	0.58	-0.36	0.56	1.11	-0.11	0.18	0.54	-2.72	-1.0	-0.05	-0.5	0.65	0.25	0.19	-0.03	0.5	0.25	-0.18	0.22	-0.11	-0.58	-0.29	0.16	-0.33	0.41	-0.63	-0.53	0.46	0.17	0.86	-0.1
WHRWPWLVSG	Positive	WHRWPWLVSG	-0.27	0.34	-0.53	-0.28	-0.19	-0.3	0.55	0.29	-0.45	-0.02	0.03	0.19	-0.12	-0.14	0.24	-0.15	0.09	0.06	-0.02	-0.28	0.41	-0.12	0.06	0.03	0.33	0.4	-0.05	-0.46	-0.28	-0.07	-0.28	-0.29	-0.74	0.23	0.03	0.64	-0.43	-0.06	0.01	0.12	-0.05	0.07	0.83	-0.1	3.09	1.2	1.44	1.61	0.46	1.37	-0.17	-0.46	0.26	0.06	-0.14	0.21	0.08	0.15	-0.0	-0.39	-0.08	-0.06	-0.39	-0.14	-0.49	0.56	0.29	2.9	0.22	0.87	0.17	0.42	-0.69	3.29	1.15	-0.27	2.24	0.27	-1.7	-1.15	-0.15	-0.53	0.32	0.41	0.4	0.3	0.29	0.39	-0.27	0.02	0.06	-0.43	-0.38	0.18	0.04	0.44	-0.39	-1.12	0.75	-0.12	1.31	-0.17
QTLIDFHDLHYWGAYYGWPGIYDEASGSQAVRHNMTHT	Positive	QTLIDFHDLHYWGAYYGWPGIYDEASGSQAVRHNMTHT	-0.03	0.12	-0.06	0.04	0.0	0.09	0.22	-0.01	0.18	-0.11	0.1	0.08	-0.1	0.14	0.15	-0.01	-0.28	-0.01	-0.07	-0.2	-0.02	0.11	-0.15	-0.19	0.13	-0.1	-0.03	-0.04	-0.03	-0.06	-0.25	0.22	-0.1	0.08	-0.03	0.42	-0.53	0.01	0.04	0.01	0.0	0.02	-0.19	0.03	-0.31	-0.76	0.06	-0.34	-0.53	0.17	-0.27	0.04	0.1	0.07	-0.02	0.21	0.01	0.03	0.03	-0.73	-0.13	-0.13	-0.19	0.04	-0.5	0.1	0.3	-0.34	0.2	0.41	0.59	0.05	-0.06	-0.2	0.07	0.06	-0.59	0.21	-3.84	-0.47	0.18	-0.2	0.69	0.02	-0.01	-0.17	0.08	-0.12	-0.07	0.08	-0.12	-0.72	-0.16	0.29	-0.44	0.4	-0.31	0.12	-0.13	0.05	-0.03	0.03
SSRLAYDHYFPSWRSYIFPGSNSSYYNNSWPTITMETN	Positive	SSRLAYDHYFPSWRSYIFPGSNSSYYNNSWPTITMETN	0.03	0.52	-0.15	0.06	-0.11	0.14	0.16	-0.01	0.17	-0.07	0.09	0.07	-0.39	0.08	-0.1	0.11	-0.24	0.08	-0.1	-0.46	0.04	0.04	0.09	-0.07	0.53	0.02	0.1	-0.01	-0.13	-0.14	-0.42	-0.13	-0.08	-0.18	-0.11	0.54	-0.52	0.03	0.06	0.09	-0.04	-0.02	-0.05	0.02	-0.88	-0.2	0.3	-0.75	-0.01	0.38	0.06	0.07	-0.54	0.33	0.07	0.22	0.0	0.03	0.14	-0.68	-0.13	-0.17	-0.2	0.1	-0.46	0.0	0.05	1.81	-0.53	0.23	0.22	0.08	-0.18	2.37	-0.31	-0.13	2.63	0.78	-3.51	-0.47	0.2	-0.34	0.53	-0.04	0.13	-0.05	0.03	-0.03	0.05	-0.23	0.11	-0.67	-0.22	0.16	-0.38	0.37	-0.28	0.07	0.34	0.33	-0.23	0.17
FHENWPS	Positive	FHENWPS	0.14	0.27	-0.39	-0.42	-0.54	0.32	0.59	0.02	0.09	-0.18	-0.14	-0.01	-0.25	-0.05	-0.01	0.18	-0.14	-0.16	-0.21	-0.25	0.14	-0.36	0.42	-0.47	0.32	0.33	-0.58	-0.15	0.03	0.09	-0.47	-0.1	0.15	-0.25	0.25	0.52	-0.56	0.04	-0.01	0.1	0.05	0.13	0.46	0.19	-0.33	1.0	0.37	-0.59	0.82	0.6	-0.44	-0.51	-0.54	-0.31	-0.58	0.22	-0.03	0.13	0.11	-0.47	-0.11	-0.09	-0.44	0.15	-0.16	0.3	0.01	2.13	0.49	0.71	0.58	-0.14	-0.32	3.76	0.45	0.54	2.19	-0.52	-2.14	-0.95	0.16	-0.91	0.21	-0.0	0.26	0.18	0.21	-0.22	0.15	-0.09	0.36	-0.48	-0.55	-0.03	-0.16	0.59	-0.31	0.11	1.27	0.83	0.43	0.27
FLPYARWFSR	Positive	FLPYARWFSR	-0.09	0.07	0.19	0.1	0.29	-0.36	0.35	-0.13	-0.16	0.07	-0.02	0.26	-0.11	0.19	-0.35	-0.2	0.17	0.07	0.17	-0.05	0.56	0.12	0.28	0.34	0.2	0.5	-0.01	-0.3	-0.49	-0.45	0.16	-0.22	0.2	0.09	0.04	0.61	-0.17	-0.06	-0.03	0.08	-0.11	0.05	1.03	-0.34	2.33	2.17	1.24	1.57	1.2	0.84	0.27	-0.31	-0.16	-0.12	0.44	0.22	0.03	0.16	0.02	-0.38	0.02	0.19	-0.22	-0.37	-0.24	0.2	0.31	3.45	0.04	0.13	0.17	0.66	-0.04	3.68	0.73	-0.62	4.51	0.93	-1.68	-0.28	-0.33	-0.5	0.17	0.33	0.57	0.48	0.16	0.48	0.03	-0.24	0.25	-0.4	-0.01	-0.06	-0.14	0.17	-0.42	-1.16	1.08	-0.18	0.7	0.02
LWGGLYGIWM	Positive	LWGGLYGIWM	-0.6	0.18	0.98	-0.0	0.75	-0.7	0.34	0.35	-0.27	-0.18	0.49	0.29	0.23	-0.16	0.2	-0.58	-0.05	-0.04	0.62	-0.35	0.34	0.41	-0.49	-0.4	0.21	-0.02	-0.04	-0.79	-0.17	-0.24	0.4	0.64	-0.93	0.11	-0.11	0.5	-0.42	-0.12	0.12	0.04	-0.03	0.12	0.17	-0.6	5.25	-1.48	1.08	2.39	-1.77	1.36	-0.76	-0.68	1.14	0.23	-0.03	0.21	0.13	0.11	-0.05	-0.66	-0.07	0.15	-0.08	-0.39	-0.65	0.11	0.63	-0.03	0.74	0.54	-0.06	0.45	0.06	-1.19	1.19	-0.72	-1.24	0.25	-3.54	-0.82	-0.39	0.26	0.74	0.8	0.06	-0.17	0.57	0.14	-0.78	0.22	-0.83	-0.69	0.1	0.5	0.05	0.37	-0.58	-2.04	-0.64	-0.15	0.41	-0.48
APFYYSWFPSYMAEGLPSPSPLDPVQDNLY	Positive	APFYYSWFPSYMAEGLPSPSPLDPVQDNLY	-0.09	0.48	-0.75	0.2	-0.72	0.04	0.0	-0.01	-0.04	-0.34	-0.24	0.12	-0.13	0.14	-0.11	-0.21	-0.27	-0.13	-0.07	-0.46	0.03	0.24	0.63	-0.44	0.48	-0.07	-0.35	-0.33	0.03	-0.45	-0.18	-0.35	0.07	-0.05	-0.14	0.5	-0.52	0.02	0.08	0.07	-0.06	0.11	-0.24	-0.32	0.4	-1.17	1.56	-0.45	-0.7	0.45	-0.16	-0.76	-0.7	0.06	0.15	0.21	0.06	0.02	0.05	-0.76	-0.16	-0.03	-0.12	-0.17	-0.48	-0.11	0.04	0.3	-0.05	0.37	0.25	0.06	0.12	0.82	0.62	0.11	0.51	0.47	-3.91	-0.94	0.03	-0.2	0.44	0.2	0.07	-0.13	-0.02	-0.18	-0.34	-0.26	0.45	-0.73	-0.24	0.19	-0.27	0.05	-0.51	-0.77	0.12	0.65	-0.31	0.44
VDWVGWGASW	Positive	VDWVGWGASW	-0.5	0.32	-0.56	0.02	-0.5	-0.28	0.34	0.7	-0.37	-0.25	0.42	-0.01	0.03	0.13	0.31	-0.31	-0.23	-0.08	-0.21	-0.4	0.03	0.22	-0.53	-0.38	0.22	-0.2	-0.09	-0.49	-0.43	-0.12	-0.45	0.29	-1.11	0.04	-0.1	0.38	-0.66	-0.05	0.12	0.02	0.0	0.06	-0.27	-0.25	2.4	-1.98	0.54	0.94	-1.61	0.62	-0.89	-0.27	0.78	0.37	0.33	0.2	0.12	0.05	0.0	-0.72	-0.29	-0.26	-0.18	-0.09	-1.13	0.35	0.64	0.49	0.51	0.49	0.53	0.5	-0.32	-0.08	0.82	-0.43	-0.37	0.75	-3.7	-1.38	0.28	-0.17	1.07	0.4	-0.0	-0.31	0.16	-0.14	-0.49	0.03	-0.51	-0.73	-0.38	0.47	-0.46	0.42	-0.64	-0.76	-0.4	0.31	0.3	-0.29
RAFIASRRIKRP	Positive	RAFIASRRIKRP	0.27	-0.13	0.4	0.51	0.91	0.21	-0.29	-0.35	-0.2	0.3	0.05	0.4	0.01	0.18	-0.3	-0.1	0.02	0.43	-0.21	0.18	0.14	0.31	0.27	0.88	-0.11	0.15	0.46	0.45	-0.61	-0.25	0.15	-0.26	0.3	-0.1	-0.43	0.45	0.08	0.02	-0.07	-0.02	-0.18	-0.08	0.37	0.0	-1.54	1.84	1.63	-0.4	1.17	-0.0	1.49	0.11	0.07	0.02	0.3	0.23	0.05	0.03	-0.11	-0.65	-0.09	-0.13	-0.04	-0.36	-0.16	0.47	0.38	1.84	-1.62	-0.52	-0.27	1.0	-0.2	1.06	-0.26	-1.04	3.4	1.62	-3.37	0.75	-0.49	0.16	0.38	-0.26	0.3	0.25	-0.01	0.7	0.06	0.42	0.48	-0.64	0.4	0.24	-0.23	0.26	-0.21	0.47	0.33	-1.22	0.61	0.4
GGWAMWGRVW	Positive	GGWAMWGRVW	-0.4	0.18	0.85	-0.1	0.83	-0.32	0.48	0.68	-0.56	-0.01	0.52	0.34	0.18	-0.02	0.3	-0.44	-0.05	0.11	0.04	-0.38	0.11	0.08	-0.6	-0.17	0.18	-0.05	-0.08	-0.47	-0.33	0.18	0.24	0.56	-1.32	0.1	-0.06	0.44	-0.42	-0.06	0.09	0.04	0.01	0.08	0.05	-0.29	2.8	-1.02	0.86	1.22	-1.36	1.66	-0.6	-0.27	1.34	-0.09	0.28	0.2	0.14	0.1	-0.03	-0.64	-0.04	-0.01	-0.09	-0.32	-1.16	0.53	0.91	0.46	1.06	-0.29	0.37	0.7	-0.4	-0.99	0.94	-0.67	-0.31	0.86	-3.35	-0.93	-0.32	-0.02	1.0	0.43	0.05	-0.24	0.75	0.27	-0.47	0.36	-0.69	-0.68	-0.02	0.5	-0.17	0.56	-0.68	-0.86	-0.3	-0.11	1.08	-0.58
FFGFDVYDMSNAL	Positive	FFGFDVYDMSNAL	-0.3	-0.04	-0.09	0.16	-0.35	-0.24	0.09	-0.06	0.34	-0.31	0.31	-0.08	0.07	0.13	-0.26	-0.27	-0.26	-0.23	0.06	-0.08	0.11	0.3	-0.2	-0.39	0.04	-0.1	-0.25	-0.36	-0.01	-0.39	-0.16	0.54	0.31	0.04	-0.05	0.34	-0.55	-0.05	0.06	-0.03	0.02	0.07	-0.12	-0.47	1.81	-1.2	-0.61	0.84	-0.87	-0.34	-0.79	-0.04	-0.14	-0.12	0.35	0.22	-0.01	0.03	0.03	-0.76	-0.11	0.06	-0.03	-0.14	-0.26	-0.17	0.27	-0.1	0.6	0.15	0.18	0.13	0.39	-0.13	0.26	-0.16	0.24	0.26	-3.99	-0.33	0.06	-0.05	0.63	0.33	-0.01	-0.12	-0.06	-0.37	0.01	-0.27	-0.3	-0.74	0.01	0.24	-0.39	0.19	-0.41	-0.71	0.01	0.62	-0.49	0.09
LSAWARWGSS	Positive	LSAWARWGSS	-0.29	0.22	-1.31	0.36	-0.46	-0.0	0.09	0.46	-0.3	0.21	0.42	0.22	-0.21	0.32	0.1	-0.16	-0.23	0.26	0.04	-0.18	-0.16	0.46	-0.2	-0.07	0.06	-0.31	-0.2	-0.18	-0.7	-0.34	-0.38	-0.32	-0.81	-0.05	-0.31	0.49	-0.51	0.01	0.08	-0.04	-0.06	0.03	-0.54	-0.14	-0.17	-1.8	0.51	-0.2	-1.19	0.29	0.33	-0.03	0.55	-0.17	0.48	0.22	0.1	0.03	0.09	-0.82	-0.21	-0.36	-0.16	-0.06	-1.15	0.43	0.69	2.44	-1.0	-0.23	0.27	0.68	-0.69	1.59	-0.23	-1.09	3.22	1.83	-4.38	-0.76	0.14	-0.05	1.14	0.1	-0.07	-0.34	0.12	0.18	-0.24	0.02	-0.35	-0.82	-0.19	0.52	-0.49	0.6	-0.53	0.02	-0.28	0.12	0.29	0.17
GVIHWRAWGGDW	Positive	GVIHWRAWGGDW	-0.27	0.22	0.25	-0.11	0.39	-0.12	0.48	0.54	-0.22	-0.13	0.36	0.19	0.18	-0.02	0.3	-0.24	-0.13	0.03	-0.04	-0.38	0.08	0.07	-0.54	-0.21	0.22	-0.05	-0.04	-0.31	-0.43	0.12	-0.17	0.58	-0.78	0.1	0.01	0.32	-0.49	-0.03	0.07	0.04	0.01	0.06	0.0	-0.04	1.67	-0.79	0.67	0.6	-1.03	1.11	-0.74	-0.13	0.98	0.19	-0.04	0.2	0.1	0.09	-0.06	-0.64	-0.13	-0.15	-0.23	-0.14	-0.93	0.49	0.76	0.04	0.66	0.54	0.66	0.58	-0.4	-0.56	0.8	-0.37	-0.87	0.61	-3.27	-0.93	0.04	-0.22	0.95	0.25	0.11	-0.21	0.49	0.05	-0.32	0.43	-0.43	-0.66	-0.24	0.4	-0.36	0.64	-0.59	-0.27	-0.14	-0.09	0.79	-0.31
LFGPIEYTQFLAN	Positive	LFGPIEYTQFLAN	-0.2	-0.07	0.53	0.36	0.11	-0.2	-0.04	-0.19	0.09	-0.23	0.11	0.09	-0.08	0.12	-0.12	-0.3	-0.22	-0.17	0.24	-0.04	0.15	0.48	0.22	-0.26	-0.03	-0.08	-0.11	-0.3	-0.1	-0.47	0.35	0.15	0.34	-0.35	-0.1	0.53	-0.41	-0.05	0.05	-0.03	-0.07	0.09	-0.06	-0.42	1.72	-1.13	0.9	0.71	-0.84	-0.09	-0.05	-0.59	0.02	0.15	0.0	0.23	0.04	0.03	-0.02	-0.76	-0.27	-0.0	-0.09	-0.24	-0.16	-0.14	0.19	-1.07	0.1	0.67	0.27	0.3	0.43	-0.95	0.7	-0.11	-1.43	-0.1	-3.95	-0.37	0.06	0.05	0.5	0.33	0.0	-0.08	-0.11	-0.11	-0.45	-0.06	-0.1	-0.74	-0.0	0.23	-0.4	0.0	-0.42	-1.09	-0.3	-0.07	-0.65	0.29
YLTMPTP	Positive	YLTMPTP	-0.16	0.45	0.71	0.3	0.24	-0.2	-0.36	-0.19	-0.24	-0.33	-0.44	0.22	-0.64	-0.12	-0.06	-0.32	-0.23	0.01	0.22	-0.48	0.06	0.13	1.09	-0.17	0.51	-0.06	0.04	-0.38	0.43	-0.24	0.28	-0.93	-0.07	0.22	-0.36	0.79	-0.52	-0.02	0.1	0.11	-0.11	0.06	-0.1	-0.53	1.6	-1.23	2.53	0.34	-0.82	0.75	0.51	-0.85	-1.34	-0.04	0.43	0.21	0.13	-0.02	0.09	-0.78	-0.28	-0.02	-0.05	-0.22	-0.23	-0.19	-0.57	-1.48	0.4	0.69	-0.69	0.18	0.29	-0.99	1.18	0.68	-2.22	-0.04	-4.08	-1.08	-0.23	0.19	0.03	0.39	-0.03	-0.02	-0.3	0.12	-0.53	-0.53	0.87	-0.75	-0.11	0.27	0.05	-0.52	-0.36	-1.64	-0.41	0.12	-0.04	0.23
FPGRPSP	Positive	FPGRPSP	0.07	1.24	-0.7	0.43	-0.21	0.53	-0.16	0.3	-0.31	-0.48	-0.55	0.63	-0.1	-0.06	-0.37	-0.42	-0.27	0.18	-0.27	-1.22	-0.37	0.15	1.49	-0.26	1.21	-0.25	-0.36	-0.22	0.15	-0.32	0.27	-0.71	0.22	-0.02	-0.27	0.52	-0.41	0.11	0.18	0.19	-0.14	0.13	-0.79	-0.24	-1.75	-1.92	3.99	-2.54	-1.53	2.28	0.53	-1.11	-1.22	-0.22	0.14	0.19	0.19	0.03	0.04	-0.92	-0.11	-0.03	0.0	-0.54	-0.95	0.18	0.18	-0.13	-0.0	-0.59	0.41	1.12	-0.24	-0.14	1.32	0.02	0.82	1.54	-4.67	-1.36	-0.4	-0.31	0.49	-0.02	-0.12	-0.43	0.45	0.13	-0.45	0.11	1.44	-0.85	-0.3	0.15	-0.22	0.09	-1.08	-0.18	0.02	0.66	0.35	0.79
GETQCAA	Positive	GETQCAA	-0.09	-0.26	-0.04	0.53	0.02	0.38	-0.43	0.43	-0.03	0.29	0.11	0.01	-0.04	0.56	0.26	-0.18	-0.64	0.04	-0.15	0.11	-0.87	0.29	-0.18	-0.31	-0.46	-0.92	-0.29	0.16	-0.4	0.28	0.51	0.0	-0.15	-0.24	-0.35	0.26	-0.5	0.08	0.1	-0.18	0.08	0.0	-1.77	0.11	-3.03	-4.21	-0.99	-1.76	-2.69	-0.53	0.01	0.29	0.77	-0.39	0.37	0.22	0.08	-0.14	0.05	-1.23	-0.44	-0.4	0.2	-0.04	-1.18	0.22	0.59	-4.21	0.41	-1.08	0.76	0.09	0.03	-5.61	-0.57	0.06	-4.52	0.71	-6.88	-0.34	0.39	0.42	1.49	-0.31	-0.77	-0.87	-0.04	-0.37	-0.22	0.15	-0.36	-1.17	0.04	0.75	-0.92	0.32	-0.42	1.28	-1.68	0.38	-0.97	-0.06
PASLELYENLVAG	Positive	PASLELYENLVAG	-0.16	-0.15	-0.33	0.73	-0.42	0.05	-0.32	-0.13	0.01	-0.17	0.11	0.15	-0.0	0.22	0.09	-0.3	-0.41	-0.11	-0.14	0.11	-0.2	0.83	0.29	-0.45	-0.23	-0.43	-0.34	-0.16	-0.36	-0.69	0.06	-0.03	-0.02	0.08	-0.36	0.35	-0.43	0.01	0.07	-0.13	-0.08	0.11	-0.78	-0.35	0.03	-2.68	0.95	-0.3	-1.66	-0.72	0.12	-0.88	0.34	0.08	-0.31	0.24	0.09	-0.04	-0.03	-0.98	-0.36	-0.23	-0.03	-0.18	-0.5	-0.05	0.34	-1.83	-0.87	0.55	0.3	-0.0	0.15	-2.09	0.14	-0.29	-2.26	0.55	-5.31	-0.38	0.18	0.36	0.85	0.13	-0.24	-0.38	-0.16	-0.33	-0.68	0.27	-0.14	-0.93	0.03	0.48	-0.57	0.0	-0.4	-0.42	-0.88	-0.02	-0.92	0.54
GETRAPL	Positive	GETRAPL	0.15	0.04	0.38	0.82	0.43	0.44	-0.37	0.06	-0.28	-0.07	0.03	0.31	-0.11	0.17	0.01	-0.2	-0.38	0.12	-0.26	-0.14	-0.43	0.66	0.55	-0.14	-0.01	-0.46	-0.23	0.2	-0.52	-0.33	0.51	-0.28	-0.13	0.23	-0.4	0.3	-0.29	0.08	0.07	-0.08	-0.11	0.08	-0.9	-0.03	-2.71	-2.21	1.86	-1.96	-1.47	0.1	0.4	-0.72	0.29	-0.17	0.1	0.22	0.13	-0.06	-0.03	-1.0	-0.31	-0.31	0.02	-0.24	-0.77	0.22	0.46	-2.48	-0.77	-0.16	0.46	0.5	0.07	-3.16	-0.01	-0.2	-2.58	1.1	-5.43	-0.14	-0.01	0.32	0.94	-0.21	-0.2	-0.48	0.17	-0.14	-0.5	0.53	0.34	-0.95	0.14	0.44	-0.67	0.07	-0.56	0.53	-0.98	-0.49	-0.5	0.42
TVSEVASTSNLD	Positive	TVSEVASTSNLD	-0.14	0.14	-1.17	0.74	-1.0	0.32	-0.55	-0.03	0.17	-0.12	0.33	-0.2	-0.49	0.25	0.09	0.08	-0.61	0.02	-0.54	-0.03	-0.51	0.62	0.01	-0.12	-0.07	-0.65	0.2	0.26	-0.28	-0.37	-0.68	-0.37	-0.23	0.02	-0.55	0.4	-0.7	0.06	0.09	-0.12	-0.06	-0.08	-1.21	0.0	-2.61	-3.27	-0.47	-1.55	-1.61	-1.53	0.29	0.22	-0.34	0.39	0.22	0.24	0.04	-0.15	0.12	-1.1	-0.52	-0.64	-0.03	0.27	-0.58	0.0	0.0	-0.8	-1.64	0.12	0.08	0.01	-0.11	-0.81	-1.06	-0.22	-0.41	0.97	-5.98	-0.27	0.67	0.3	1.02	-0.25	-0.45	-0.53	-0.65	-0.48	-0.19	-0.16	-0.02	-1.03	-0.14	0.54	-0.83	0.1	-0.16	0.8	-1.14	0.01	-1.36	0.45
IISRAGVVRGNE	Positive	IISRAGVVRGNE	-0.11	0.08	0.51	0.7	0.53	0.2	-0.41	-0.07	0.07	-0.06	0.43	0.26	0.12	0.1	0.12	-0.24	-0.37	0.19	-0.43	-0.09	-0.29	0.59	-0.27	0.29	-0.05	-0.48	0.62	0.27	-0.46	-0.11	-0.12	0.46	-0.21	-0.17	-0.5	0.32	-0.29	0.02	0.08	-0.09	-0.09	-0.09	-0.78	-0.09	-1.08	-2.08	0.48	-0.7	-1.5	-0.42	0.57	0.15	0.64	0.62	-0.32	0.23	0.09	-0.06	-0.07	-1.0	-0.33	-0.36	0.08	-0.19	-0.61	0.25	0.53	-1.19	-1.43	-0.33	0.23	0.54	-0.16	-2.34	-0.51	-0.83	-0.86	1.37	-5.43	0.26	0.06	0.48	1.01	-0.16	-0.32	-0.43	-0.05	0.01	-0.45	0.6	-0.21	-0.95	0.24	0.56	-0.61	0.31	-0.32	0.58	-1.11	-0.84	-0.56	0.23
VCFVMFSMCR	Positive	VCFVMFSMCR	-0.74	-0.25	0.22	-0.12	0.05	-0.77	-0.41	-0.11	0.16	0.33	0.03	-0.07	0.08	0.04	-0.15	-0.52	-0.1	0.03	0.19	0.39	-0.01	-0.37	-0.2	0.52	-0.34	-0.07	0.49	-0.49	0.21	0.47	0.18	-0.04	0.15	0.39	-0.42	0.67	-0.3	-0.16	0.02	-0.03	0.1	-0.13	0.13	-0.63	5.06	-0.43	-2.14	3.57	-0.67	-0.13	0.15	0.86	-0.25	-0.49	0.29	0.24	0.03	0.0	0.09	-0.76	-0.11	0.22	0.27	-0.36	0.02	0.24	-0.22	1.07	1.08	-1.65	-1.21	-0.03	-0.1	-0.12	0.14	-0.29	1.75	0.2	-4.08	-0.03	-0.65	0.4	0.2	0.48	-0.44	0.17	-0.37	0.26	0.21	-0.74	-0.13	-0.74	0.36	0.53	0.36	0.03	0.09	-1.17	-0.38	0.51	0.42	-0.8
WGYVFHGWNL	Positive	WGYVFHGWNL	-0.38	0.27	0.66	-0.25	0.44	-0.45	0.73	0.26	0.08	-0.16	0.32	0.23	0.03	-0.11	0.14	-0.26	-0.02	-0.07	0.14	-0.4	0.42	0.04	-0.49	-0.23	0.36	0.25	-0.01	-0.59	-0.02	-0.21	-0.0	0.71	-0.4	0.13	0.24	0.53	-0.51	-0.09	0.07	0.09	0.0	0.08	0.55	-0.27	3.9	0.12	0.34	1.93	-0.52	1.46	-0.73	-0.26	0.68	0.31	-0.33	0.21	0.06	0.17	0.01	-0.48	-0.03	0.15	-0.29	-0.19	-0.55	0.17	0.53	0.95	1.28	1.0	0.66	0.41	-0.24	1.04	1.29	-0.2	-0.02	-0.06	-2.31	-1.05	0.0	-0.48	0.58	0.54	0.22	0.06	0.48	0.16	-0.27	0.12	-0.59	-0.52	-0.29	0.16	-0.22	0.45	-0.55	-1.27	0.38	0.17	0.7	-0.35
FYMPFGPTWWQHV	Positive	FYMPFGPTWWQHV	-0.29	0.26	0.42	-0.37	0.04	-0.39	0.49	0.04	-0.19	-0.27	-0.17	0.16	-0.18	0.01	0.04	-0.29	0.01	-0.14	0.14	-0.34	0.42	-0.28	0.31	-0.15	0.34	0.35	-0.1	-0.56	0.39	0.03	0.03	-0.08	-0.2	-0.1	0.17	0.75	-0.51	-0.08	0.03	0.14	-0.0	0.09	0.73	-0.38	3.65	0.64	1.26	1.72	0.13	1.32	-0.3	-0.51	-0.36	-0.16	0.19	0.2	0.06	0.14	0.04	-0.44	-0.07	0.21	-0.25	-0.26	-0.3	0.14	0.03	1.26	1.62	0.39	0.26	0.37	0.06	1.79	1.6	0.34	0.66	-0.56	-2.02	-1.24	-0.24	-0.56	0.09	0.53	0.23	0.25	0.13	0.23	-0.22	-0.4	0.24	-0.47	-0.33	0.05	0.09	0.12	-0.49	-1.65	0.62	0.34	0.83	-0.22
VRSWEEQARVTT	Positive	VRSWEEQARVTT	0.21	-0.25	0.12	0.42	-0.05	0.29	-0.16	-0.23	-0.32	0.16	0.18	-0.13	-0.32	0.33	0.19	0.21	-0.24	0.04	-0.68	0.33	-0.08	0.22	-0.02	0.45	-0.36	-0.03	0.38	0.52	-0.53	0.04	-0.12	-0.38	-0.45	-0.03	-0.28	0.49	-0.28	0.04	-0.06	-0.08	-0.07	-0.09	0.07	0.29	-2.53	0.42	0.04	-0.92	0.68	-0.97	0.45	0.14	0.3	0.25	0.28	0.23	-0.01	-0.06	0.01	-0.71	-0.32	-0.39	-0.13	0.12	-0.31	0.35	0.21	0.75	-1.23	-0.46	0.44	-0.02	0.01	0.76	-0.97	-0.24	1.22	0.5	-3.59	0.42	0.25	-0.05	0.6	-0.37	0.09	0.07	-0.26	-0.03	-0.05	0.07	0.07	-0.67	0.1	0.26	-0.64	0.19	0.01	0.8	-0.26	-0.97	-0.51	-0.05
WHYGVELWIRRF	Positive	WHYGVELWIRRF	-0.1	-0.16	0.88	-0.17	0.6	-0.4	0.54	-0.19	-0.13	0.04	0.15	0.11	0.08	0.01	0.06	-0.08	0.17	-0.04	0.03	0.16	0.65	-0.02	-0.26	0.33	-0.06	0.59	0.27	-0.2	-0.47	-0.08	-0.02	0.3	-0.23	0.21	0.12	0.53	-0.17	-0.1	-0.07	0.05	-0.05	0.01	1.31	-0.08	3.09	2.62	0.51	2.14	1.37	0.55	-0.24	-0.22	0.6	0.28	-0.24	0.22	0.0	0.17	-0.06	-0.3	-0.02	0.13	-0.32	-0.2	-0.01	0.35	0.35	2.71	0.13	0.58	0.31	0.21	-0.04	3.0	0.56	-0.43	2.58	0.0	-1.22	-0.05	-0.25	-0.44	0.15	0.31	0.57	0.54	0.24	0.33	-0.1	0.15	-0.18	-0.34	0.01	0.03	-0.05	0.4	-0.16	-0.96	0.81	-0.71	0.76	-0.42
LNWRGGWNWF	Positive	LNWRGGWNWF	-0.12	0.34	0.92	-0.33	0.78	-0.2	0.8	0.48	-0.28	0.03	0.56	0.15	-0.02	-0.37	-0.01	-0.09	0.1	-0.02	0.13	-0.47	0.46	-0.09	-0.52	-0.21	0.51	0.45	-0.21	-0.41	-0.49	-0.02	0.36	0.59	-0.56	-0.29	0.25	0.46	-0.37	-0.04	0.03	0.13	-0.0	0.1	0.86	-0.05	2.3	1.42	0.45	1.06	0.4	1.73	-0.86	-0.19	0.86	0.24	-0.15	0.21	0.02	0.16	0.01	-0.38	0.03	0.02	-0.31	-0.1	-0.5	0.38	0.63	1.7	0.61	1.0	0.39	0.38	-0.49	1.93	0.77	-0.36	1.11	0.28	-1.69	-0.59	-0.04	-0.5	0.63	0.35	0.53	0.19	0.85	0.21	-0.07	0.25	-0.68	-0.42	-0.15	0.11	-0.27	0.64	-0.47	-0.79	1.01	0.06	0.82	-0.23
YTGWETWYSFDPFTHYGGPGSRFDFVHDKSEDPIDRSY	Positive	YTGWETWYSFDPFTHYGGPGSRFDFVHDKSEDPIDRSY	0.13	0.44	-0.11	-0.0	-0.17	0.22	0.31	0.1	0.12	-0.27	0.03	-0.03	-0.11	0.15	-0.14	0.09	-0.25	-0.07	-0.25	-0.48	0.01	0.03	0.04	-0.24	0.5	0.04	-0.13	0.02	-0.14	-0.15	-0.27	0.16	-0.06	0.2	0.03	0.31	-0.5	0.05	0.05	0.08	-0.02	0.03	-0.04	0.15	-1.31	-0.09	0.47	-1.21	-0.09	0.51	-0.68	-0.15	-0.26	0.2	0.25	0.2	-0.0	0.05	0.06	-0.66	-0.09	-0.08	-0.2	0.02	-0.51	0.04	0.26	0.87	0.23	0.03	0.7	0.2	0.22	1.3	-0.04	0.06	1.41	0.45	-3.35	-0.45	0.15	-0.48	0.6	-0.09	0.2	-0.1	0.23	-0.27	0.09	-0.03	0.21	-0.65	-0.2	0.09	-0.46	0.44	-0.47	0.35	0.26	0.33	-0.23	-0.05
WWDPDIWFGWGGAHPPNLIQPIS	Positive	WWDPDIWFGWGGAHPPNLIQPIS	-0.22	0.48	-0.4	-0.09	-0.37	-0.01	0.19	0.34	-0.21	-0.39	-0.06	0.1	0.01	-0.13	0.09	-0.28	-0.2	-0.14	0.14	-0.57	0.08	0.05	0.34	-0.54	0.48	-0.03	-0.33	-0.46	-0.12	-0.07	-0.17	-0.05	-0.18	-0.38	-0.06	0.47	-0.57	-0.01	0.1	0.1	-0.02	0.14	-0.1	-0.23	1.66	-1.17	1.81	0.12	-0.98	0.9	-0.53	-0.72	-0.22	0.15	-0.09	0.2	0.09	0.05	-0.04	-0.7	-0.24	-0.16	-0.24	-0.14	-0.53	0.21	0.18	-0.4	0.32	1.08	0.19	0.37	-0.16	0.03	1.21	0.15	-1.27	0.07	-3.5	-1.29	0.05	-0.22	0.54	0.34	0.11	-0.16	0.15	-0.12	-0.47	0.03	0.25	-0.69	-0.4	0.3	-0.17	0.31	-0.58	-0.88	0.12	0.47	0.28	0.32
FYRFVGDHKQLY	Positive	FYRFVGDHKQLY	0.12	-0.0	0.25	-0.08	0.26	-0.14	0.47	-0.38	0.21	-0.04	0.06	0.1	0.14	0.18	-0.19	-0.0	-0.01	-0.04	-0.19	-0.03	0.45	0.09	-0.25	0.25	0.13	0.41	0.15	0.01	0.18	-0.45	0.12	0.47	0.27	0.31	0.16	0.44	-0.24	-0.03	-0.05	0.05	-0.06	-0.01	0.78	0.0	0.8	2.03	0.18	0.56	1.13	0.51	-0.2	-0.01	0.25	0.22	0.14	0.21	-0.06	0.11	-0.05	-0.47	0.12	0.27	-0.18	-0.22	0.01	-0.01	0.39	1.57	0.49	-0.02	0.69	0.28	0.37	1.71	0.32	-0.3	2.08	-0.12	-2.23	0.23	-0.22	-0.43	0.26	0.08	0.39	0.33	0.26	0.21	0.19	0.08	-0.14	-0.47	0.13	-0.04	-0.25	0.34	-0.29	-0.36	0.63	-0.41	0.2	-0.17
QLVEGVRHRIWN	Positive	QLVEGVRHRIWN	0.06	-0.15	0.22	0.16	0.27	0.08	0.06	-0.34	-0.08	0.09	0.22	0.1	0.09	-0.1	0.24	0.01	-0.1	0.03	-0.44	0.21	0.18	0.15	-0.19	0.41	-0.19	0.17	0.46	0.23	-0.25	0.01	-0.03	0.2	-0.12	-0.03	-0.16	0.49	-0.21	-0.02	-0.05	-0.03	-0.06	-0.06	0.46	0.12	0.1	1.09	0.22	0.39	0.68	-0.21	0.31	0.1	0.58	0.39	-0.54	0.23	-0.02	0.01	-0.11	-0.62	-0.13	-0.17	-0.17	-0.06	0.02	0.39	0.29	0.41	-0.96	0.32	0.29	-0.03	-0.3	0.46	-0.21	-0.33	0.12	0.07	-3.04	0.41	-0.05	0.0	0.4	-0.09	0.15	0.19	0.05	0.18	-0.15	0.45	-0.16	-0.59	0.16	0.26	-0.31	0.35	0.02	0.15	0.08	-1.05	0.14	0.07
MWGMHWAGEW	Positive	MWGMHWAGEW	-0.28	-0.29	0.82	-0.61	0.49	-0.27	0.69	0.41	-0.45	0.0	0.32	0.12	0.12	-0.02	0.43	-0.26	-0.04	-0.09	0.25	0.07	0.21	-0.33	-0.42	-0.57	-0.24	0.18	-0.63	-0.53	0.01	0.52	-0.03	0.45	-1.18	0.07	0.13	0.49	-0.5	-0.07	-0.0	0.01	0.13	0.17	0.47	-0.2	3.15	-0.03	-0.07	1.58	-0.4	1.01	-0.95	-0.5	1.04	-0.83	-0.06	0.21	0.05	0.14	0.02	-0.49	0.03	0.08	-0.26	-0.07	-0.66	0.55	0.57	0.98	1.7	-0.09	0.12	-0.09	-0.27	0.46	0.79	0.04	-0.16	-0.53	-2.53	-0.96	-0.4	-0.25	0.58	0.47	0.11	0.01	0.64	0.0	-0.23	0.15	-0.64	-0.55	-0.12	0.45	0.22	0.71	-0.34	-0.89	0.32	0.42	1.33	-0.64
FAPMKSYGVSLPP	Positive	FAPMKSYGVSLPP	-0.22	0.48	-0.62	0.4	-0.38	0.01	-0.28	0.01	-0.15	-0.29	-0.22	0.39	-0.11	0.15	-0.16	-0.47	-0.31	0.11	-0.1	-0.48	-0.16	0.4	0.76	-0.24	0.41	-0.31	-0.21	-0.34	0.39	-0.58	-0.01	-0.42	-0.1	0.09	-0.4	0.57	-0.47	0.01	0.12	0.04	-0.11	0.09	-0.67	-0.51	0.76	-2.22	2.36	-0.43	-1.56	0.78	0.64	-0.9	-0.59	-0.14	0.24	0.22	0.15	0.01	0.02	-0.93	-0.2	0.0	0.04	-0.42	-0.63	-0.01	0.11	-0.14	-0.01	-0.33	-0.16	0.73	0.08	-0.67	1.03	-0.28	0.22	0.78	-4.94	-1.04	-0.35	0.16	0.5	0.26	-0.26	-0.32	-0.05	0.15	-0.54	-0.09	0.55	-0.89	-0.08	0.39	-0.06	-0.04	-0.69	-0.93	-0.51	0.4	0.06	0.49
VSQRVGFITSAP	Positive	VSQRVGFITSAP	-0.31	0.3	-0.58	0.64	-0.31	0.04	-0.43	-0.03	-0.03	-0.14	0.15	0.21	-0.2	0.27	0.03	-0.3	-0.38	0.15	-0.29	-0.24	-0.28	0.5	0.19	0.27	0.1	-0.49	0.51	0.02	-0.03	-0.28	-0.22	-0.24	-0.13	-0.24	-0.48	0.6	-0.49	-0.0	0.12	-0.04	-0.11	-0.08	-0.83	-0.3	-0.18	-2.6	0.99	-0.34	-1.67	-0.19	0.83	0.08	-0.18	0.34	0.32	0.22	0.11	-0.06	0.01	-1.0	-0.38	-0.31	0.06	-0.22	-0.68	0.13	0.24	-0.29	-0.87	-0.47	0.2	0.8	-0.11	-1.07	0.11	-0.6	0.25	1.17	-5.33	-0.48	0.11	0.25	0.83	0.03	-0.4	-0.4	-0.4	0.12	-0.43	-0.06	0.2	-0.94	-0.05	0.47	-0.53	0.06	-0.47	-0.15	-1.04	-0.39	-0.49	0.33
FFSFFFPASAWGS	Positive	FFSFFFPASAWGS	-0.59	0.18	-0.46	0.19	-0.44	-0.41	0.28	0.31	0.13	-0.26	0.22	0.21	-0.14	0.46	-0.44	-0.51	-0.15	-0.05	0.42	-0.29	0.1	0.32	0.17	-0.32	0.16	-0.14	-0.41	-0.69	-0.12	-0.53	-0.12	0.12	0.22	-0.33	0.02	0.61	-0.6	-0.07	0.12	0.01	-0.03	0.12	-0.21	-0.7	3.2	-1.9	0.6	1.36	-1.51	0.66	-0.13	-0.37	-0.25	-0.51	0.72	0.22	0.11	0.15	0.13	-0.71	-0.21	0.11	-0.11	-0.41	-0.82	0.04	0.5	2.36	1.13	-0.41	0.48	1.27	0.16	1.97	1.24	-0.69	3.51	0.94	-3.7	-1.33	-0.04	-0.49	0.73	0.57	-0.11	-0.19	-0.06	0.04	-0.17	-0.54	-0.02	-0.73	-0.37	0.17	-0.34	0.31	-0.94	-1.34	0.15	0.98	0.12	0.12
RPYLYDPNEWHRYYSYLLPGHSYNVQSWPDGLGKSASR	Positive	RPYLYDPNEWHRYYSYLLPGHSYNVQSWPDGLGKSASR	0.16	0.5	-0.48	0.1	-0.16	0.21	0.25	-0.05	0.04	-0.07	-0.05	0.19	-0.09	0.06	-0.03	0.06	-0.19	0.07	-0.26	-0.44	0.08	0.15	0.16	-0.09	0.53	0.1	-0.07	0.01	-0.11	-0.35	-0.18	-0.07	-0.12	0.19	-0.05	0.43	-0.39	0.05	0.04	0.09	-0.07	0.02	0.05	0.1	-1.15	0.3	0.96	-1.02	0.18	0.75	-0.05	-0.27	-0.14	0.29	-0.08	0.21	0.01	0.04	0.04	-0.66	-0.0	-0.06	-0.2	-0.04	-0.47	0.07	0.28	1.27	-0.49	0.24	0.54	0.03	-0.17	1.65	-0.06	-0.18	1.75	0.71	-3.33	-0.34	0.02	-0.33	0.53	-0.08	0.23	-0.02	0.31	0.04	-0.05	0.11	0.16	-0.64	-0.11	0.14	-0.36	0.38	-0.36	0.12	0.37	0.08	0.01	0.21
FHAFHAWSAA	Positive	FHAFHAWSAA	-0.45	-0.58	-0.66	0.11	-0.27	-0.22	0.33	0.15	0.3	0.09	0.05	0.34	-0.14	0.62	0.11	-0.37	-0.21	0.09	0.31	0.39	-0.04	0.19	-0.05	-0.25	-0.64	-0.27	-0.57	-0.45	-0.14	-0.26	-0.55	0.13	0.33	-0.04	0.05	0.54	-0.62	-0.07	0.02	-0.13	0.04	0.12	-0.36	-0.46	2.24	-1.73	-0.22	1.62	-1.17	-0.22	0.47	-0.03	0.24	-1.07	0.16	0.23	0.12	0.14	0.05	-0.72	-0.27	-0.08	-0.28	-0.19	-0.9	0.4	0.59	0.34	1.35	0.55	0.7	0.89	-0.46	0.08	1.26	-0.22	0.15	0.53	-3.92	-1.43	0.19	-0.41	0.88	0.36	-0.25	-0.2	-0.33	0.2	-0.04	-0.1	-0.18	-0.76	-0.52	0.4	-0.44	0.4	-0.62	-0.45	0.14	0.68	1.04	0.32
CCWGYGGSLV	Positive	CCWGYGGSLV	-0.68	0.69	-0.08	0.13	0.22	-0.4	-0.02	0.78	0.12	0.16	0.23	0.2	0.21	0.06	0.12	-0.49	-0.37	0.14	0.19	-0.67	-0.43	0.12	-0.62	-0.17	0.53	-0.59	0.23	-0.58	-0.25	0.11	0.42	0.45	-0.6	0.49	-0.28	0.34	-0.52	-0.04	0.22	0.04	0.06	-0.05	-1.14	-0.23	2.48	-3.56	-0.83	0.88	-3.19	1.61	-0.71	0.38	0.86	0.41	-0.01	0.21	0.15	-0.0	0.1	-1.02	-0.18	-0.01	0.2	-0.32	-1.26	0.16	0.6	-1.26	1.03	-0.89	0.29	0.39	-0.35	-3.02	0.37	-0.56	-1.57	1.23	-5.64	-0.98	-0.06	0.26	1.29	0.33	-0.6	-0.67	0.48	-0.02	-0.35	0.0	-0.63	-1.0	-0.03	0.69	-0.37	0.48	-0.64	-0.36	-1.42	0.77	-0.16	-0.8
GAMHLPWHMGTL	Positive	GAMHLPWHMGTL	-0.37	-0.12	0.11	0.04	0.35	-0.17	0.04	0.03	-0.05	-0.06	0.08	0.4	-0.04	-0.13	0.31	-0.43	-0.24	0.1	0.32	-0.03	-0.13	0.16	0.17	-0.36	-0.14	-0.26	-0.33	-0.45	0.42	0.02	0.1	0.04	-0.38	0.45	-0.21	0.58	-0.55	-0.05	0.08	-0.04	0.03	0.11	-0.38	-0.41	2.41	-2.02	0.74	1.01	-1.66	0.72	0.13	-0.42	0.27	-0.82	-0.24	0.22	0.12	0.05	0.0	-0.83	-0.1	-0.01	-0.1	-0.22	-0.5	0.33	0.25	-1.52	0.91	0.29	-0.2	0.28	-0.39	-2.19	1.01	0.07	-2.77	-0.13	-4.55	-0.92	-0.4	0.26	0.58	0.42	-0.35	-0.3	0.18	0.13	-0.39	0.22	-0.11	-0.83	-0.03	0.59	0.11	0.27	-0.39	-0.85	-0.63	0.09	0.93	0.04
SAWVRWGRVW	Positive	SAWVRWGRVW	-0.26	0.11	-0.02	0.03	0.2	-0.32	0.36	0.32	-0.55	0.16	0.34	0.16	-0.08	0.1	0.21	-0.16	0.08	0.17	-0.31	-0.06	0.36	0.05	-0.4	0.46	0.06	0.27	0.36	-0.18	-0.69	-0.03	-0.25	-0.07	-0.98	0.11	-0.13	0.56	-0.29	-0.07	-0.01	0.05	-0.07	-0.03	0.71	-0.11	2.2	1.16	0.8	1.61	0.48	0.75	0.11	0.05	0.78	0.33	0.32	0.21	0.08	0.1	-0.02	-0.46	-0.13	-0.16	-0.23	-0.18	-0.74	0.61	0.57	2.99	-0.3	0.12	0.22	0.61	-0.62	2.5	0.46	-0.82	3.02	1.15	-2.12	-0.56	-0.08	-0.28	0.63	0.24	0.37	0.25	0.19	0.5	-0.21	0.08	-0.27	-0.49	-0.12	0.27	-0.27	0.38	-0.34	-0.65	0.41	-0.62	1.02	-0.36
FSYSVSYAHPEGL	Positive	FSYSVSYAHPEGL	-0.2	0.35	-0.73	0.32	-0.54	0.01	0.11	-0.04	0.26	-0.17	-0.0	0.23	-0.14	0.39	-0.0	-0.15	-0.33	0.04	-0.13	-0.3	-0.1	0.38	0.15	-0.21	0.25	-0.25	-0.06	-0.19	-0.01	-0.48	-0.47	-0.01	-0.1	0.21	-0.14	0.5	-0.55	0.01	0.1	0.0	-0.05	0.02	-0.51	-0.2	0.13	-1.82	0.51	-0.34	-1.19	0.22	0.11	-0.32	-0.15	0.11	-0.06	0.22	0.07	0.05	0.1	-0.82	-0.18	-0.07	-0.13	-0.12	-0.73	-0.03	0.32	1.27	-0.18	-0.19	0.69	0.3	-0.02	1.21	0.12	-0.38	1.98	0.87	-4.37	-0.8	0.14	-0.27	0.73	0.11	-0.18	-0.29	-0.05	-0.11	-0.27	-0.1	0.07	-0.8	-0.25	0.27	-0.43	0.32	-0.53	-0.21	-0.33	0.41	-0.35	0.16
HLESTPG	Positive	HLESTPG	0.03	0.37	-0.65	0.42	-0.36	0.51	-0.11	0.05	0.08	-0.21	-0.06	0.22	-0.26	0.07	0.16	-0.02	-0.5	0.07	-0.22	-0.37	-0.51	0.39	0.55	-0.43	0.24	-0.48	-0.31	0.07	0.06	-0.2	-0.13	-0.31	-0.17	0.37	-0.25	0.42	-0.6	0.09	0.11	-0.03	-0.03	0.07	-1.05	0.15	-2.43	-2.8	1.16	-2.18	-1.76	0.31	0.12	-0.59	-0.17	-0.22	-0.39	0.22	0.1	-0.03	0.08	-1.0	-0.3	-0.33	-0.15	0.02	-0.67	0.19	0.2	-1.29	-0.44	0.05	0.62	0.25	-0.18	-1.21	-0.01	0.15	-1.54	0.37	-5.36	-0.75	0.17	-0.06	0.82	-0.18	-0.41	-0.56	0.09	-0.34	-0.36	0.33	0.4	-0.95	-0.26	0.42	-0.47	0.39	-0.52	0.69	-0.88	0.13	-0.4	0.37
YLSLHAYESFGGS	Positive	YLSLHAYESFGGS	-0.22	0.26	-0.57	0.37	-0.25	-0.02	0.2	0.04	0.32	-0.07	0.26	0.26	-0.04	0.37	-0.01	-0.15	-0.35	0.07	0.08	-0.27	-0.13	0.56	-0.17	-0.3	0.18	-0.32	-0.16	-0.2	-0.15	-0.55	-0.24	0.28	-0.21	0.29	-0.11	0.41	-0.53	0.01	0.11	-0.03	-0.04	0.04	-0.64	-0.16	0.0	-2.17	0.05	-0.43	-1.56	0.32	-0.12	-0.23	0.39	0.02	-0.06	0.22	0.06	0.06	0.1	-0.86	-0.11	-0.05	-0.11	-0.12	-0.83	-0.04	0.6	1.1	-0.24	-0.3	0.82	0.34	-0.01	0.59	-0.17	-0.69	1.82	1.02	-4.68	-0.52	0.11	-0.16	0.97	0.12	-0.2	-0.41	0.2	-0.15	-0.25	0.09	-0.36	-0.84	-0.11	0.35	-0.51	0.53	-0.58	-0.06	-0.56	0.3	-0.45	0.04
QDLDHWSYWSMYSTYPTSPGLVPYSWGYGSPNSHTDKL	Positive	QDLDHWSYWSMYSTYPTSPGLVPYSWGYGSPNSHTDKL	-0.0	0.62	-0.79	0.03	-0.5	0.15	0.19	0.11	0.03	-0.17	-0.01	0.06	-0.29	0.07	0.02	0.05	-0.29	0.03	-0.16	-0.57	-0.03	0.1	0.16	-0.26	0.6	-0.06	-0.09	-0.11	0.07	-0.26	-0.38	-0.24	-0.34	0.15	-0.11	0.49	-0.6	0.04	0.08	0.1	-0.04	0.02	-0.24	0.05	-0.81	-0.8	0.78	-1.01	-0.47	0.66	-0.22	-0.2	-0.42	0.25	0.17	0.21	0.03	0.02	0.1	-0.73	-0.11	-0.16	-0.2	0.07	-0.59	0.02	0.11	1.11	-0.23	0.27	0.36	0.07	-0.14	1.52	0.02	-0.01	1.39	0.54	-3.79	-0.77	0.16	-0.31	0.6	0.01	0.06	-0.17	0.12	-0.1	-0.08	-0.16	0.17	-0.71	-0.27	0.23	-0.33	0.36	-0.4	-0.04	0.05	0.39	-0.13	0.13
RHEPPLA	Positive	RHEPPLA	0.29	-0.01	-0.6	0.39	-0.27	0.52	-0.17	-0.27	-0.19	-0.12	-0.6	0.4	-0.02	0.06	0.07	-0.15	-0.22	0.04	-0.32	0.01	-0.19	0.22	1.24	-0.19	-0.02	-0.05	-0.58	0.06	-0.16	-0.27	0.07	-0.71	0.45	0.33	-0.21	0.42	-0.26	0.07	-0.01	-0.01	-0.08	0.15	-0.21	0.0	-1.79	-0.21	2.55	-1.39	0.01	0.27	0.69	-1.12	-0.51	-0.64	-0.56	0.22	0.1	0.03	-0.08	-0.77	-0.18	-0.15	-0.21	-0.25	-0.27	0.39	0.07	-1.16	-0.5	0.53	0.35	0.14	-0.29	-0.51	0.75	0.4	-1.48	0.3	-3.93	-0.58	-0.22	-0.14	0.27	-0.16	0.03	-0.04	0.03	0.02	-0.34	0.46	1.07	-0.73	-0.16	0.23	-0.2	0.07	-0.4	0.25	0.23	-0.08	0.48	0.83
RPVAGDHPGS	Positive	RPVAGDHPGS	0.04	0.71	-1.05	0.51	-0.31	0.65	-0.19	0.32	0.03	-0.31	-0.14	0.45	0.08	0.09	0.09	-0.25	-0.52	0.19	-0.56	-0.76	-0.66	0.33	0.5	-0.3	0.59	-0.65	-0.2	0.09	0.03	-0.15	-0.24	-0.05	-0.09	0.36	-0.33	0.24	-0.56	0.12	0.16	0.02	-0.04	0.04	-1.42	0.05	-3.16	-3.27	1.76	-2.79	-2.28	0.95	0.17	-0.31	-0.21	-0.13	-0.11	0.2	0.15	-0.05	-0.01	-1.1	-0.18	-0.31	0.01	-0.21	-1.17	0.3	0.52	-2.13	-0.23	-0.38	0.82	0.66	-0.46	-2.75	0.32	-0.04	-1.99	1.49	-5.93	-0.94	0.05	0.02	1.1	-0.28	-0.44	-0.77	0.29	-0.18	-0.3	0.54	0.61	-1.04	-0.23	0.49	-0.61	0.37	-0.81	1.08	-0.82	0.33	0.08	0.59
SRTWVLWIRY	Positive	SRTWVLWIRY	-0.17	0.07	0.5	0.03	0.42	-0.53	0.23	-0.16	-0.31	0.17	0.21	0.02	-0.31	-0.01	0.04	0.0	0.18	0.12	0.04	0.07	0.68	0.07	-0.23	0.68	0.1	0.56	0.71	-0.12	-0.66	-0.17	-0.2	-0.3	-0.51	0.1	-0.15	0.7	-0.2	-0.1	-0.05	0.08	-0.13	-0.09	1.3	-0.12	2.93	2.61	0.75	2.3	1.56	0.26	0.33	0.12	0.16	0.7	0.26	0.22	0.02	0.1	0.0	-0.33	-0.14	-0.09	-0.29	-0.08	-0.05	0.31	0.06	3.68	-0.92	0.76	-0.3	0.29	-0.24	3.96	0.16	-0.68	3.89	0.65	-1.39	-0.02	-0.1	-0.23	0.13	0.31	0.63	0.61	-0.12	0.55	-0.12	-0.21	-0.08	-0.36	0.02	0.1	-0.09	0.16	0.01	-1.18	0.64	-1.01	0.56	-0.36
EIHGNLYNWSPLLGYSYFPGISPKHISGEVPPRPSTKV	Positive	EIHGNLYNWSPLLGYSYFPGISPKHISGEVPPRPSTKV	-0.04	0.52	-0.23	0.27	-0.1	0.17	-0.06	-0.03	0.02	-0.24	-0.07	0.27	-0.12	0.01	-0.03	-0.17	-0.29	0.09	-0.17	-0.49	-0.09	0.31	0.41	-0.16	0.48	-0.16	0.03	-0.1	0.1	-0.38	-0.14	-0.12	-0.08	0.0	-0.25	0.49	-0.45	0.03	0.09	0.06	-0.09	0.04	-0.4	-0.11	-0.26	-1.26	1.72	-0.85	-0.92	0.67	0.33	-0.59	-0.28	0.34	-0.26	0.22	0.09	0.02	0.01	-0.82	-0.21	-0.13	-0.12	-0.18	-0.46	0.07	0.14	0.08	-0.48	0.27	0.2	0.46	-0.05	0.11	0.48	-0.2	0.19	0.54	-4.31	-0.68	-0.06	-0.05	0.53	0.05	-0.09	-0.23	0.07	0.03	-0.41	0.18	0.34	-0.79	-0.15	0.29	-0.24	0.23	-0.5	-0.25	-0.3	0.03	-0.14	0.35
EWDITTECTVTF	Positive	EWDITTECTVTF	-0.16	-0.19	0.95	0.14	-0.01	-0.13	-0.22	0.06	-0.0	-0.11	0.11	-0.52	-0.52	0.16	0.04	0.1	-0.33	-0.22	-0.07	0.15	-0.08	-0.01	-0.08	-0.04	-0.21	-0.11	0.27	0.04	-0.47	0.26	-0.06	-0.23	-0.12	0.01	-0.21	0.44	-0.54	-0.03	0.01	-0.04	0.02	-0.05	-0.07	0.07	0.31	-0.84	-0.8	0.46	-0.37	-1.05	-0.61	0.15	-0.29	0.4	0.42	0.23	0.01	-0.05	0.1	-0.73	-0.57	-0.37	-0.13	0.22	-0.12	0.05	-0.31	-1.19	0.27	0.49	-0.11	-0.13	0.53	-0.66	-0.24	0.54	-1.82	-0.49	-3.82	-0.32	0.5	-0.02	0.5	0.03	-0.05	0.0	-0.57	-0.48	-0.06	-0.47	0.06	-0.72	-0.16	0.29	-0.52	-0.02	-0.02	-0.09	-0.62	-0.05	-0.99	-0.5
DTHAGMHSPT	Negative	DTHAGMHSPT	-0.0	0.24	-0.61	0.13	-0.17	0.51	-0.08	0.12	0.26	-0.14	-0.05	0.19	-0.37	0.08	0.23	0.01	-0.53	0.17	-0.19	-0.34	-0.59	-0.01	0.28	-0.35	0.17	-0.54	-0.23	0.11	0.39	0.23	-0.49	-0.2	-0.1	0.41	-0.23	0.43	-0.76	0.08	0.1	-0.02	0.05	0.01	-1.13	0.14	-2.6	-2.76	0.1	-1.93	-1.67	0.18	0.15	0.21	-0.54	-0.64	0.04	0.21	0.07	-0.05	0.12	-1.0	-0.22	-0.36	-0.13	0.16	-0.78	0.28	0.08	-1.94	0.44	-0.01	0.35	0.22	-0.42	-1.97	-0.04	0.54	-2.29	0.37	-5.5	-0.92	0.2	-0.05	0.85	-0.22	-0.51	-0.59	-0.08	-0.24	0.08	0.1	0.38	-0.97	-0.32	0.52	-0.41	0.41	-0.39	1.06	-0.69	0.46	0.27	0.27
NAKFSGCVGRGGH	Negative	NAKFSGCVGRGGH	-0.11	0.47	0.15	0.37	0.75	0.37	-0.01	0.46	0.25	0.11	0.4	0.48	0.21	0.09	-0.01	-0.28	-0.46	0.36	-0.31	-0.58	-0.65	0.31	-0.47	-0.02	0.37	-0.67	0.09	0.1	0.07	-0.05	0.34	0.76	-0.23	0.3	-0.26	0.22	-0.43	0.08	0.16	-0.03	0.01	-0.04	-1.4	0.1	-2.08	-3.07	-0.11	-1.81	-2.57	1.33	0.16	0.39	0.92	-0.01	-0.15	0.21	0.12	-0.01	0.02	-1.11	-0.09	-0.13	0.15	-0.28	-1.2	0.32	0.92	-1.89	0.42	-1.19	0.78	0.97	-0.41	-3.73	-0.04	-0.69	-1.48	1.43	-6.13	-0.33	-0.12	0.19	1.41	-0.22	-0.63	-0.82	0.65	0.09	-0.08	0.71	-0.41	-1.06	0.1	0.61	-0.63	0.7	-0.77	1.25	-1.16	0.14	0.1	-0.08
WARWLLLTPA	Negative	WARWLLLTPA	-0.37	-0.32	-0.25	0.45	-0.06	-0.52	-0.11	0.05	-0.52	0.09	0.04	0.18	-0.26	0.02	0.08	-0.41	0.02	0.03	0.4	0.28	0.36	0.57	0.4	-0.02	-0.31	0.11	-0.27	-0.52	-0.67	-0.64	0.3	-0.71	-0.24	0.15	-0.29	0.64	-0.32	-0.1	0.0	-0.05	-0.13	0.13	0.43	-0.57	3.61	-0.15	1.97	2.31	-0.23	0.01	0.46	-0.85	0.24	-0.21	0.33	0.23	0.14	0.06	-0.07	-0.6	-0.32	-0.16	-0.23	-0.3	-0.32	0.3	0.17	0.11	-0.46	1.56	-0.46	0.51	-0.28	0.11	1.29	-0.4	-1.01	0.48	-3.07	-0.8	-0.09	0.21	0.41	0.58	0.29	0.21	-0.25	0.37	-0.61	-0.07	0.03	-0.62	-0.07	0.37	-0.17	-0.18	-0.32	-1.85	-0.01	-0.49	0.57	0.34
RTRRQGGDVSRD	Negative	RTRRQGGDVSRD	0.57	0.41	-0.39	0.47	0.4	0.82	-0.08	-0.02	-0.14	0.18	0.35	0.09	0.08	0.02	-0.08	0.34	-0.29	0.28	-0.89	-0.35	-0.34	0.19	-0.26	0.59	0.4	-0.13	0.45	0.88	-0.6	0.12	0.12	0.1	-0.24	0.36	-0.28	0.15	-0.18	0.16	-0.01	0.01	-0.08	-0.15	-0.34	0.68	-6.16	0.68	-0.0	-3.44	0.54	0.22	0.04	0.84	0.39	0.28	0.46	0.2	-0.06	-0.1	-0.04	-0.83	0.07	-0.36	0.03	0.06	-0.6	0.42	0.66	0.35	-1.72	-1.26	0.79	0.21	-0.32	-0.32	-1.81	-0.6	1.92	1.81	-4.32	1.18	0.02	-0.0	0.98	-0.82	0.16	-0.23	0.53	-0.02	0.45	0.62	0.15	-0.77	0.41	0.24	-0.84	0.64	-0.19	2.37	-0.14	-1.03	-0.3	0.08
SSHSWRL	Negative	SSHSWRL	-0.06	0.39	-2.18	0.02	-0.89	0.18	0.26	-0.02	0.02	0.34	0.23	0.13	-0.36	0.09	0.08	0.27	-0.13	0.34	-0.13	-0.09	0.0	0.08	-0.03	0.31	0.21	0.09	0.09	0.11	-0.35	-0.19	-0.87	-0.65	-0.49	0.31	-0.22	0.64	-0.49	0.03	0.0	0.03	-0.05	-0.07	0.14	0.29	-1.12	0.59	-0.24	-0.46	0.62	0.21	0.62	0.43	-0.13	-0.19	-0.06	0.23	-0.01	0.06	0.15	-0.61	-0.03	-0.34	-0.36	0.21	-0.46	0.53	0.25	5.3	-1.76	-0.25	0.11	0.22	-1.06	5.59	-0.96	-0.9	6.81	1.3	-3.11	-0.25	0.05	-0.46	0.56	-0.15	0.11	0.08	0.03	0.3	0.29	-0.09	0.05	-0.61	-0.25	0.28	-0.18	0.86	-0.09	0.65	0.55	-0.1	0.63	0.17
NHNYPPLSLLTF	Negative	NHNYPPLSLLTF	-0.12	0.37	-0.37	0.26	-0.26	-0.04	-0.03	-0.26	0.25	-0.19	-0.12	0.21	-0.37	-0.24	-0.13	-0.15	-0.21	-0.02	0.13	-0.33	0.13	0.31	0.63	-0.24	0.43	0.03	-0.14	-0.32	0.17	-0.58	0.01	-0.34	0.52	0.04	-0.13	0.64	-0.51	-0.01	0.07	0.06	-0.09	0.08	-0.0	-0.31	1.18	-0.6	1.26	0.28	-0.39	0.44	0.34	-0.54	-0.81	0.11	-0.43	0.23	0.05	0.04	0.05	-0.72	-0.2	-0.07	-0.21	-0.09	-0.02	-0.1	-0.21	-0.33	-0.35	1.45	-0.11	0.12	-0.23	0.71	0.81	0.23	-0.77	0.02	-3.7	-0.74	0.09	-0.12	0.24	0.27	0.04	0.02	-0.14	0.04	-0.25	-0.12	0.34	-0.69	-0.23	0.17	-0.23	-0.04	-0.3	-0.93	0.25	0.26	-0.12	0.67
MTLGYDRASPAPNTSFSNPGLDFNPFTYHPQGPHQILQ	Negative	MTLGYDRASPAPNTSFSNPGLDFNPFTYHPQGPHQILQ	0.01	0.44	-0.46	0.23	-0.25	0.28	-0.05	-0.02	0.08	-0.22	-0.08	0.19	-0.19	-0.01	-0.05	-0.12	-0.34	0.0	-0.1	-0.47	-0.18	0.18	0.47	-0.28	0.43	-0.22	-0.18	-0.07	0.18	-0.21	0.01	-0.18	0.22	-0.18	-0.15	0.51	-0.54	0.05	0.09	0.05	-0.04	0.05	-0.52	-0.1	-1.1	-1.47	1.11	-1.23	-0.91	0.51	0.12	-0.27	-0.54	-0.05	0.03	0.21	0.04	-0.02	0.04	-0.86	-0.17	-0.15	-0.09	-0.08	-0.46	0.02	0.1	-0.98	-0.09	0.29	0.35	0.24	-0.1	-0.67	0.35	0.19	-0.96	0.38	-4.49	-0.64	0.09	-0.1	0.59	-0.01	-0.12	-0.29	0.05	-0.1	-0.17	-0.01	0.35	-0.81	-0.17	0.27	-0.41	0.19	-0.46	-0.01	-0.14	0.3	-0.24	0.52
QHKTSITGHHLEP	Negative	QHKTSITGHHLEP	0.18	0.06	-0.46	0.04	-0.06	0.46	0.06	-0.27	0.19	-0.0	-0.1	0.17	-0.26	0.05	0.25	0.15	-0.35	0.16	-0.22	-0.05	-0.25	0.07	0.27	-0.01	-0.03	-0.16	0.01	0.29	0.43	-0.01	-0.24	-0.2	0.05	0.19	-0.14	0.54	-0.51	0.06	0.01	-0.02	-0.02	-0.0	-0.39	0.36	-2.14	-0.65	0.66	-1.48	-0.28	0.1	0.61	-0.11	-0.11	-0.19	-0.47	0.22	0.03	0.0	0.01	-0.8	-0.22	-0.26	-0.27	0.11	-0.18	0.32	0.07	-0.58	-0.25	0.3	0.47	0.27	-0.23	-0.25	0.05	0.24	-1.02	-0.46	-4.26	-0.36	0.06	-0.18	0.47	-0.25	-0.24	-0.2	-0.07	0.05	-0.04	0.36	0.31	-0.78	-0.2	0.33	-0.25	0.5	-0.21	0.82	-0.37	-0.41	0.22	0.28
WSLFHRPLPPLPP	Negative	WSLFHRPLPPLPP	-0.16	0.6	-1.16	0.23	-0.71	-0.04	-0.11	-0.09	-0.35	-0.36	-0.66	0.41	-0.18	-0.24	-0.15	-0.44	-0.06	-0.01	0.13	-0.51	0.16	0.19	1.54	-0.27	0.61	0.16	-0.48	-0.58	0.12	-0.58	0.13	-1.09	0.37	0.21	-0.21	0.71	-0.39	-0.01	0.07	0.14	-0.14	0.19	0.21	-0.48	2.22	-0.24	3.76	0.39	-0.3	1.35	0.56	-1.46	-1.21	-0.33	-0.25	0.21	0.15	0.08	-0.04	-0.66	-0.18	0.02	-0.24	-0.45	-0.15	0.21	-0.25	0.47	-0.17	1.14	-0.29	0.55	-0.33	1.46	1.94	0.27	-0.01	0.23	-3.13	-1.43	-0.41	-0.23	-0.08	0.43	0.18	0.14	-0.04	0.26	-0.59	-0.11	1.27	-0.63	-0.36	0.12	0.18	-0.18	-0.61	-1.64	0.52	0.33	0.76	0.84
RCLSALTCKMALC	Negative	RCLSALTCKMALC	-0.45	-0.35	-0.53	0.35	0.05	-0.39	-0.72	0.08	0.02	0.66	-0.01	0.01	-0.06	0.09	-0.06	-0.38	-0.27	0.26	0.37	0.47	-0.37	0.17	-0.06	0.31	-0.49	-0.42	0.06	-0.24	-0.32	-0.03	0.59	-0.55	0.16	0.53	-0.65	0.47	-0.24	-0.06	0.03	-0.13	0.03	-0.07	-0.71	-0.31	1.82	-1.65	-1.24	1.67	-1.31	-0.41	0.68	0.5	0.22	-0.48	0.29	0.24	0.08	-0.08	0.04	-1.01	-0.28	-0.12	0.24	-0.24	-0.27	0.3	-0.02	-1.31	-0.18	-0.68	-1.19	0.08	-0.34	-2.75	-0.19	-0.46	-1.3	0.71	-5.64	0.07	-0.35	0.82	0.69	0.18	-0.52	-0.17	-0.33	0.29	0.01	-0.25	-0.2	-0.97	0.39	0.78	-0.03	0.04	0.05	-0.29	-1.05	0.19	0.05	-0.26
NKVRNVHDTVGGGNRLILSEYTI	Negative	NKVRNVHDTVGGGNRLILSEYTI	0.03	0.18	0.43	0.45	0.43	0.21	-0.2	-0.16	0.2	-0.07	0.36	0.12	-0.09	-0.1	0.06	-0.02	-0.34	0.12	-0.4	-0.19	-0.15	0.43	-0.25	0.15	0.16	-0.25	0.46	0.25	-0.12	-0.24	-0.06	0.37	-0.06	0.08	-0.33	0.35	-0.39	0.03	0.06	-0.03	-0.08	-0.07	-0.44	0.06	-1.27	-1.07	0.24	-0.85	-0.76	-0.18	0.26	0.15	0.29	0.64	-0.33	0.23	0.03	-0.05	-0.03	-0.89	-0.25	-0.28	-0.04	-0.01	-0.29	0.1	0.26	-1.27	-0.99	0.38	0.17	0.26	-0.09	-1.59	-0.38	-0.33	-1.4	0.59	-4.73	0.2	0.15	0.27	0.77	-0.16	-0.15	-0.26	0.0	-0.05	-0.2	0.45	-0.2	-0.84	0.14	0.4	-0.55	0.25	-0.2	0.5	-0.66	-0.65	-0.52	0.21
AGRAARDDDCRGHACMIIPGVSLFNSDHPMGAHPSIRR	Negative	AGRAARDDDCRGHACMIIPGVSLFNSDHPMGAHPSIRR	-0.05	0.14	-0.51	0.29	0.01	0.3	-0.25	0.09	0.14	0.02	0.03	0.21	0.11	0.06	0.02	-0.18	-0.36	0.15	-0.16	-0.17	-0.39	0.14	0.1	-0.05	0.09	-0.4	-0.06	0.06	-0.22	0.09	-0.16	0.05	0.15	0.19	-0.34	0.28	-0.41	0.05	0.06	-0.04	0.01	-0.01	-0.78	-0.02	-1.38	-1.69	0.12	-0.96	-1.2	0.06	0.14	0.23	-0.05	-0.28	-0.04	0.22	0.06	-0.04	-0.01	-0.95	-0.15	-0.24	0.02	-0.11	-0.62	0.32	0.33	-1.23	-0.34	-0.3	0.08	0.25	-0.38	-1.83	-0.2	-0.17	-0.93	1.06	-5.16	-0.23	-0.07	0.2	0.85	-0.15	-0.28	-0.39	0.06	-0.08	0.0	0.28	0.21	-0.91	0.04	0.51	-0.38	0.4	-0.33	0.76	-0.46	0.18	0.14	0.28
TMEPRWWCNPIN	Negative	TMEPRWWCNPIN	0.06	0.25	0.78	-0.33	0.32	0.07	0.04	0.12	-0.27	0.04	-0.15	-0.08	-0.27	-0.34	0.04	-0.0	-0.08	-0.06	-0.03	-0.24	0.11	-0.48	0.37	-0.13	0.34	0.27	-0.1	-0.16	-0.21	0.5	0.13	-0.35	-0.09	-0.39	-0.12	0.55	-0.35	0.0	-0.01	0.12	0.04	0.04	0.47	0.02	0.71	1.07	0.53	0.31	0.67	0.64	-0.19	-0.21	-0.53	0.05	-0.27	0.22	0.01	0.02	0.06	-0.56	-0.2	-0.15	-0.18	0.05	-0.03	0.32	-0.3	0.1	0.18	0.65	-0.59	-0.35	-0.31	0.96	0.34	0.6	-0.46	-0.29	-2.7	-0.51	-0.1	-0.16	0.12	0.08	0.23	0.24	0.13	0.02	-0.02	-0.18	0.34	-0.55	-0.13	0.23	0.05	0.19	-0.01	-0.37	0.72	0.39	0.4	-0.01
VSEMSSFSGCNTDHHPQGPGGRHDIMRSISESRGYGSL	Negative	VSEMSSFSGCNTDHHPQGPGGRHDIMRSISESRGYGSL	0.01	0.47	-0.71	0.22	-0.19	0.43	-0.06	0.1	0.17	-0.03	0.19	0.17	-0.02	0.07	0.05	0.0	-0.43	0.16	-0.28	-0.42	-0.44	0.16	-0.02	-0.12	0.35	-0.4	0.03	0.17	-0.01	0.07	-0.28	0.1	-0.24	0.13	-0.28	0.36	-0.51	0.08	0.1	0.0	0.01	-0.03	-0.87	0.18	-2.42	-1.96	-0.1	-1.89	-1.3	0.34	-0.01	0.23	0.02	-0.05	-0.12	0.22	0.03	-0.04	0.08	-0.96	-0.1	-0.26	-0.03	0.03	-0.7	0.23	0.38	0.28	-0.66	-0.85	0.42	0.17	-0.32	-0.24	-0.76	-0.34	1.11	1.0	-5.17	-0.17	0.01	0.0	0.91	-0.26	-0.33	-0.49	0.25	-0.2	0.0	0.23	0.04	-0.91	-0.01	0.45	-0.41	0.65	-0.37	1.04	-0.57	0.19	-0.28	0.11
LGTPRKCTKTELC	Negative	LGTPRKCTKTELC	0.12	0.08	0.43	0.36	0.59	0.16	-0.48	0.07	-0.17	0.36	-0.06	-0.0	-0.27	-0.01	-0.16	-0.03	-0.3	0.26	-0.13	-0.03	-0.37	0.18	0.2	0.3	0.04	-0.24	0.15	0.24	-0.14	-0.12	0.81	-0.5	-0.04	0.52	-0.48	0.38	-0.21	0.05	0.03	-0.03	-0.06	-0.06	-0.55	0.21	-1.71	-0.61	0.46	-0.97	-0.56	0.32	0.56	-0.01	0.11	0.08	0.29	0.22	0.07	-0.08	0.02	-0.92	-0.3	-0.19	0.1	-0.15	-0.24	0.23	-0.01	-1.71	-0.27	-0.52	-0.5	0.44	0.13	-2.53	-0.18	-0.1	-1.75	0.3	-5.01	0.2	-0.23	0.44	0.6	-0.22	-0.24	-0.17	0.03	0.18	-0.02	0.14	0.22	-0.88	0.31	0.47	-0.26	0.08	-0.19	0.54	-0.9	-0.4	-0.28	-0.23
SHDWRLMLSHLQ	Negative	SHDWRLMLSHLQ	-0.05	-0.2	-1.64	-0.11	-0.78	0.0	0.15	-0.38	0.02	0.19	0.1	-0.02	-0.05	-0.11	0.2	0.11	-0.11	0.02	0.03	0.35	0.18	0.07	0.04	0.04	-0.26	0.2	-0.19	-0.04	0.04	-0.14	-0.38	-0.38	-0.08	0.38	-0.14	0.58	-0.42	-0.02	-0.06	-0.04	0.0	0.02	0.46	0.07	0.57	1.0	-0.44	0.63	0.86	-0.42	0.11	0.11	0.01	-0.53	-0.23	0.23	-0.07	0.03	-0.0	-0.59	0.03	-0.14	-0.29	0.13	0.19	0.38	0.06	2.18	-0.95	0.4	-0.17	-0.4	-0.56	2.69	-0.43	-0.23	2.2	-0.2	-2.98	0.13	-0.17	-0.09	0.23	0.07	0.15	0.24	-0.06	0.08	0.18	0.01	-0.07	-0.58	0.03	0.31	0.04	0.53	0.16	-0.09	0.46	-0.3	0.54	0.23
SHTFPPSWLLVR	Negative	SHTFPPSWLLVR	-0.27	0.33	-0.98	0.28	-0.57	-0.15	-0.08	-0.12	-0.12	-0.12	-0.15	0.2	-0.34	-0.03	-0.05	-0.21	-0.12	0.09	-0.01	-0.2	0.12	0.25	0.66	0.12	0.26	0.05	0.07	-0.29	-0.03	-0.44	-0.24	-0.73	0.02	0.27	-0.26	0.71	-0.47	-0.04	0.05	0.06	-0.11	0.03	0.14	-0.29	1.71	-0.34	1.64	0.77	-0.24	0.44	0.59	-0.46	-0.66	-0.05	0.01	0.22	0.1	0.05	0.04	-0.67	-0.24	-0.14	-0.22	-0.19	-0.23	0.24	-0.1	1.62	-0.55	0.6	-0.17	0.54	-0.38	2.09	0.82	-0.2	1.68	0.5	-3.35	-0.87	-0.09	-0.18	0.23	0.28	0.04	0.1	-0.27	0.25	-0.28	-0.22	0.57	-0.66	-0.26	0.22	-0.09	0.04	-0.36	-0.96	0.11	-0.1	0.39	0.36
LSLSLDLLTFRT	Negative	LSLSLDLLTFRT	-0.34	-0.15	-1.07	0.77	-0.6	-0.34	-0.45	-0.34	0.02	0.03	0.34	-0.08	-0.33	-0.05	-0.19	-0.16	-0.21	0.01	0.31	0.27	0.12	0.9	0.22	0.11	-0.21	-0.13	0.08	-0.18	-0.48	-0.91	0.13	-0.6	0.16	0.48	-0.48	0.55	-0.41	-0.05	0.03	-0.1	-0.15	0.01	-0.07	-0.38	1.54	-1.05	0.43	1.08	-0.57	-1.02	0.32	-0.23	-0.17	0.06	0.36	0.24	0.03	-0.04	0.01	-0.83	-0.31	-0.26	-0.09	-0.09	0.12	-0.04	-0.04	0.56	-1.76	0.88	-0.6	0.26	0.03	0.57	-0.25	-0.71	0.68	0.63	-4.39	0.21	0.06	0.46	0.48	0.31	0.03	0.03	-0.49	-0.05	-0.27	-0.2	-0.08	-0.78	0.21	0.38	-0.36	-0.08	-0.09	-0.99	-0.64	-0.66	-0.77	0.39
AEDLWGCIQLKSK	Negative	AEDLWGCIQLKSK	0.04	-0.21	-0.72	0.14	-0.37	0.09	-0.19	0.01	-0.2	0.17	0.16	-0.15	0.14	0.14	0.0	-0.06	-0.27	0.0	-0.08	0.23	-0.1	0.35	-0.15	-0.15	-0.28	-0.14	-0.28	0.07	-0.2	-0.35	0.23	-0.08	-0.2	-0.02	-0.33	0.29	-0.29	0.02	-0.01	-0.09	-0.03	0.05	-0.3	0.1	-0.63	-0.49	0.22	-0.46	-0.27	-0.49	-0.01	-0.34	0.63	0.05	0.15	0.23	0.0	-0.04	-0.08	-0.83	-0.23	-0.18	-0.05	-0.07	-0.13	0.22	0.32	-0.31	-0.71	-0.08	-0.18	0.12	0.21	-0.91	-0.24	-0.48	-0.39	-0.09	-4.43	0.17	-0.12	0.32	0.67	-0.05	-0.04	-0.11	0.02	-0.06	-0.17	0.24	-0.28	-0.8	0.22	0.48	-0.21	0.41	-0.16	0.16	-0.46	-0.22	-0.37	0.08
HHGGGQDYEGGGESLIFHEYVPG	Negative	HHGGGQDYEGGGESLIFHEYVPG	0.01	0.38	0.17	0.19	0.2	0.39	0.3	0.18	0.25	-0.31	0.19	0.29	0.28	0.16	0.2	-0.13	-0.46	-0.04	-0.26	-0.53	-0.38	0.33	-0.2	-0.52	0.33	-0.43	-0.22	-0.0	0.09	-0.07	0.03	0.8	-0.28	0.26	0.01	0.21	-0.53	0.07	0.13	-0.01	0.02	0.07	-0.93	0.16	-1.65	-2.6	0.42	-1.88	-2.04	0.88	-0.72	-0.37	0.75	0.08	-0.49	0.2	0.06	0.03	-0.01	-0.94	-0.08	-0.07	-0.07	-0.13	-0.91	0.11	0.78	-1.68	0.51	-0.45	1.37	0.25	0.12	-2.31	0.04	-0.12	-1.91	0.37	-5.06	-0.5	0.07	-0.17	1.1	-0.12	-0.33	-0.65	0.62	-0.41	-0.34	0.65	-0.24	-0.9	-0.1	0.38	-0.58	0.7	-0.71	0.76	-0.87	0.16	-0.41	-0.07
SDWDPLFTHK	Negative	SDWDPLFTHK	0.16	0.19	-1.16	-0.15	-0.83	0.23	0.21	0.0	-0.0	-0.22	-0.09	-0.23	-0.22	-0.03	-0.16	0.16	-0.21	-0.1	-0.19	-0.18	0.09	-0.01	0.31	-0.33	0.26	0.19	-0.48	-0.02	0.04	-0.33	-0.39	-0.33	0.12	0.32	-0.02	0.35	-0.56	0.04	-0.02	0.05	-0.02	0.09	0.21	0.18	-0.92	0.68	0.69	-0.86	0.65	-0.01	-0.52	-0.35	-0.61	-0.17	0.31	0.21	-0.03	0.03	0.02	-0.6	-0.15	-0.17	-0.32	0.13	-0.03	0.17	-0.06	0.94	0.02	0.87	0.07	0.14	0.07	1.98	0.3	0.32	0.88	-0.32	-2.96	-0.56	0.12	-0.42	0.3	-0.03	0.3	0.12	-0.07	-0.24	0.23	-0.13	0.43	-0.59	-0.28	0.11	-0.21	0.35	-0.28	0.13	0.63	0.37	0.16	0.28
AWLSPAR	Negative	AWLSPAR	-0.19	-0.02	-1.03	0.54	-0.36	-0.01	-0.19	0.18	-0.42	0.12	-0.05	0.34	-0.19	0.27	0.03	-0.34	-0.15	0.2	0.05	0.03	-0.05	0.49	0.53	-0.02	-0.11	-0.2	-0.36	-0.24	-0.66	-0.49	-0.08	-0.74	-0.2	-0.03	-0.38	0.53	-0.35	-0.0	0.04	-0.05	-0.12	0.1	-0.31	-0.37	0.41	-1.16	1.9	0.24	-0.7	0.11	0.83	-0.59	0.01	-0.41	0.38	0.22	0.14	0.03	-0.01	-0.79	-0.27	-0.28	-0.14	-0.27	-0.82	0.4	0.39	0.67	-0.87	0.45	-0.05	0.67	-0.55	0.28	0.63	-0.6	0.84	1.5	-4.17	-0.85	-0.04	0.09	0.75	0.18	0.05	-0.13	-0.14	0.32	-0.42	0.04	0.3	-0.78	-0.15	0.44	-0.37	0.09	-0.5	-0.56	-0.04	-0.03	0.53	0.62
PQVWGVWTDE	Negative	PQVWGVWTDE	-0.08	0.22	-0.3	-0.0	-0.68	0.06	0.14	0.21	-0.45	-0.35	0.02	-0.24	-0.11	0.05	0.29	-0.04	-0.26	-0.28	-0.51	-0.24	0.04	0.04	0.09	-0.3	0.16	0.0	-0.07	-0.11	-0.16	0.03	-0.19	-0.16	-0.66	-0.13	-0.07	0.45	-0.56	-0.0	0.04	0.04	-0.01	0.06	0.04	0.04	0.26	-0.67	0.97	-0.24	-0.35	0.04	-0.77	-0.53	0.1	0.43	0.19	0.2	0.03	-0.02	-0.03	-0.67	-0.33	-0.26	-0.2	0.04	-0.46	0.21	0.14	-0.56	0.19	0.52	0.54	-0.1	0.15	-0.06	0.48	0.37	-1.57	-0.36	-3.26	-0.83	0.31	-0.24	0.56	0.09	0.13	-0.06	-0.05	-0.34	-0.4	-0.07	0.1	-0.65	-0.29	0.25	-0.43	0.13	-0.34	-0.39	-0.17	-0.04	-0.32	-0.08
IVRLLSEYHM	Negative	IVRLLSEYHM	-0.2	-0.4	0.04	0.21	-0.02	-0.35	-0.14	-0.66	0.12	0.05	0.09	0.07	0.01	0.03	0.15	-0.14	-0.08	-0.01	0.05	0.52	0.33	0.32	0.02	0.27	-0.44	0.17	0.34	-0.09	-0.07	-0.26	-0.28	-0.05	-0.02	0.37	-0.31	0.59	-0.24	-0.09	-0.05	-0.07	-0.06	-0.03	0.56	-0.29	2.55	0.7	-0.02	1.91	0.49	-0.86	0.42	-0.19	0.13	0.05	-0.47	0.24	-0.01	0.03	-0.04	-0.62	-0.12	-0.01	-0.15	-0.11	0.32	0.13	-0.04	1.45	-1.0	0.31	-0.45	-0.3	0.02	1.48	-0.2	-0.43	1.45	-0.1	-3.21	0.36	-0.31	0.24	0.09	0.26	0.09	0.31	-0.32	0.13	-0.26	0.04	-0.1	-0.61	0.26	0.34	0.11	0.15	0.17	-0.89	-0.11	-0.75	0.03	-0.02
RFINPTSHCFGSLSLWRQLSY	Negative	RFINPTSHCFGSLSLWRQLSY	-0.18	0.3	-0.63	0.15	-0.18	-0.1	0.03	-0.06	0.1	0.13	0.13	0.12	-0.2	0.02	-0.11	-0.06	-0.15	0.12	0.12	-0.18	0.07	0.16	0.06	0.18	0.25	0.02	0.18	-0.13	-0.19	-0.22	-0.04	-0.24	0.07	0.0	-0.19	0.61	-0.39	-0.02	0.04	0.04	-0.05	-0.03	0.05	-0.09	0.72	-0.12	0.1	0.4	-0.16	0.38	0.29	0.18	-0.18	0.1	0.03	0.22	0.02	0.03	0.08	-0.7	-0.12	-0.1	-0.13	-0.08	-0.27	0.17	0.14	1.89	-0.65	-0.0	0.0	0.29	-0.33	1.93	-0.1	-0.5	2.58	0.7	-3.6	-0.21	-0.04	-0.13	0.49	0.11	0.02	0.02	-0.0	0.19	0.01	-0.17	0.01	-0.68	-0.04	0.25	-0.24	0.38	-0.23	-0.3	0.08	-0.04	-0.0	0.08
PASRVEKNGVRR	Negative	PASRVEKNGVRR	0.42	0.16	0.08	0.6	0.48	0.63	-0.28	-0.19	-0.2	0.16	0.14	0.33	0.01	0.1	-0.07	0.04	-0.25	0.34	-0.92	-0.09	-0.27	0.36	0.16	0.55	0.11	-0.14	0.34	0.64	-0.32	-0.24	0.1	-0.06	-0.14	0.19	-0.42	0.29	-0.1	0.11	-0.01	-0.03	-0.13	-0.08	-0.35	0.28	-4.07	0.3	1.17	-2.29	0.29	0.09	1.0	0.0	0.33	0.25	-0.08	0.22	0.04	-0.05	-0.07	-0.85	-0.11	-0.27	0.03	-0.18	-0.48	0.41	0.49	0.15	-1.57	-0.87	0.32	0.52	-0.29	-0.58	-0.75	-0.66	1.28	1.45	-4.46	0.63	-0.19	0.16	0.73	-0.56	-0.01	-0.14	0.24	0.26	-0.02	0.69	0.3	-0.8	0.33	0.32	-0.55	0.3	-0.28	1.4	-0.18	-0.93	-0.01	0.39
WWDFLQGSER	Negative	WWDFLQGSER	0.1	0.01	-0.54	-0.19	-0.45	0.06	0.52	0.12	-0.36	-0.01	0.29	-0.22	0.08	0.07	-0.0	0.14	-0.04	-0.21	-0.13	-0.01	0.3	0.02	-0.21	-0.21	0.05	0.36	-0.39	-0.05	-0.56	-0.07	0.04	0.05	-0.45	-0.13	0.13	0.37	-0.35	0.01	-0.05	0.03	-0.0	0.09	0.69	0.21	-0.14	1.47	0.03	-0.15	1.0	0.2	-0.98	-0.28	0.55	-0.05	0.28	0.21	-0.07	0.07	-0.01	-0.46	-0.01	-0.08	-0.29	0.05	-0.23	0.31	0.49	2.5	-0.28	0.02	0.62	-0.14	0.05	2.95	-0.32	-0.31	2.84	0.0	-2.09	0.03	0.03	-0.49	0.51	0.03	0.51	0.23	0.42	-0.21	0.08	0.01	-0.27	-0.46	-0.03	0.07	-0.33	0.65	-0.23	-0.04	0.76	-0.09	-0.04	-0.17
PYRFYHPYSHPRHPQGDVPGSSAEVFHTFPNTQGRNSR	Negative	PYRFYHPYSHPRHPQGDVPGSSAEVFHTFPNTQGRNSR	0.19	0.55	-0.36	0.13	-0.04	0.43	0.17	-0.07	0.13	-0.12	-0.17	0.3	-0.17	0.08	-0.04	0.04	-0.26	0.12	-0.4	-0.52	-0.14	-0.02	0.42	0.03	0.54	-0.05	0.03	0.14	0.14	-0.07	-0.17	-0.13	0.18	0.08	-0.04	0.49	-0.45	0.07	0.05	0.09	-0.05	-0.01	-0.24	0.15	-2.12	-0.25	1.03	-1.64	-0.15	0.9	0.28	-0.06	-0.5	0.01	-0.13	0.21	0.03	0.03	0.06	-0.74	-0.06	-0.1	-0.16	-0.08	-0.55	0.18	0.21	0.43	-0.07	-0.16	0.74	0.32	-0.28	0.83	0.12	0.12	1.02	0.68	-3.77	-0.49	0.03	-0.44	0.53	-0.22	-0.01	-0.15	0.22	0.06	0.05	0.12	0.52	-0.71	-0.21	0.12	-0.43	0.36	-0.46	0.6	0.25	0.12	0.16	0.33
LSNTLQTTNKK	Negative	LSNTLQTTNKK	0.37	0.07	-0.04	0.41	0.25	0.45	-0.34	-0.31	-0.04	0.25	0.38	-0.07	-0.64	-0.13	-0.12	0.31	-0.36	0.26	-0.35	-0.03	-0.17	0.44	0.0	0.26	0.06	-0.13	0.24	0.57	0.27	-0.53	0.34	-0.41	-0.05	-0.22	-0.41	0.56	-0.4	0.09	-0.01	-0.04	-0.13	-0.08	-0.37	0.32	-3.68	-0.08	0.46	-2.07	0.36	-0.49	1.06	0.15	-0.1	0.42	0.28	0.23	-0.03	-0.11	0.04	-0.87	-0.3	-0.41	-0.09	0.22	0.09	0.02	-0.09	-0.82	-1.52	0.49	-0.36	0.35	0.01	-0.71	-0.75	-0.2	-0.75	-0.08	-4.68	0.52	0.2	0.33	0.57	-0.39	-0.07	-0.11	-0.19	0.2	0.09	0.15	-0.16	-0.82	0.22	0.34	-0.53	0.14	0.0	0.77	-0.43	-0.87	-0.72	0.51
DFSSFLTGTNAMAPFWPFPGSTYLLGHPMAPRDLQTSN	Negative	DFSSFLTGTNAMAPFWPFPGSTYLLGHPMAPRDLQTSN	-0.16	0.3	-0.39	0.33	-0.22	0.09	-0.12	0.08	0.01	-0.2	0.05	0.17	-0.25	0.04	-0.11	-0.23	-0.32	0.02	0.04	-0.36	-0.17	0.3	0.41	-0.3	0.29	-0.27	-0.24	-0.21	0.05	-0.29	0.03	-0.23	0.05	-0.03	-0.23	0.51	-0.56	0.02	0.1	0.01	-0.04	0.07	-0.55	-0.28	-0.1	-1.91	1.0	-0.57	-1.26	0.36	0.08	-0.33	-0.44	-0.23	0.28	0.22	0.08	-0.01	0.06	-0.87	-0.21	-0.16	-0.06	-0.14	-0.55	0.04	0.14	-0.69	0.02	0.19	0.09	0.42	-0.06	-0.72	0.44	-0.01	-0.62	0.59	-4.65	-0.74	0.03	0.02	0.66	0.14	-0.17	-0.31	-0.02	-0.1	-0.22	-0.12	0.23	-0.84	-0.13	0.34	-0.37	0.13	-0.51	-0.36	-0.32	0.36	-0.18	0.39
PSALGRFTRGPL	Negative	PSALGRFTRGPL	-0.1	0.43	-0.17	0.76	0.35	0.18	-0.29	0.13	-0.18	-0.09	0.07	0.5	-0.08	0.04	-0.19	-0.38	-0.27	0.25	-0.03	-0.47	-0.28	0.64	0.55	0.05	0.39	-0.38	-0.04	-0.08	-0.3	-0.51	0.49	-0.29	-0.01	0.26	-0.4	0.45	-0.32	0.04	0.13	0.0	-0.14	0.05	-0.75	-0.27	-0.85	-2.09	2.18	-1.08	-1.66	0.97	0.62	-0.5	-0.0	-0.13	0.26	0.21	0.16	-0.01	-0.01	-0.96	-0.18	-0.15	0.05	-0.43	-0.81	0.2	0.48	-0.93	-0.65	-0.28	0.24	1.0	-0.2	-1.83	0.49	-0.62	-0.48	1.6	-5.15	-0.42	-0.23	0.23	0.85	0.04	-0.19	-0.42	0.25	0.2	-0.43	0.33	0.39	-0.92	0.1	0.39	-0.47	0.11	-0.73	-0.13	-0.73	-0.32	-0.01	0.46
NTVWRLNSSCGM	Negative	NTVWRLNSSCGM	-0.2	0.34	-0.16	0.15	0.12	0.05	-0.2	0.17	0.06	0.25	0.38	0.04	-0.27	-0.2	0.05	-0.04	-0.3	0.19	-0.16	-0.24	-0.26	0.02	-0.28	0.13	0.26	-0.25	0.3	-0.0	-0.14	0.17	-0.02	-0.06	-0.35	0.0	-0.38	0.52	-0.48	0.01	0.08	0.01	0.02	-0.09	-0.48	-0.01	-0.31	-1.22	-0.95	-0.13	-0.87	0.24	0.18	0.63	0.03	0.16	-0.06	0.23	0.02	-0.06	0.12	-0.88	-0.17	-0.29	0.02	0.09	-0.46	0.25	0.08	0.24	-0.65	-0.3	-0.43	-0.04	-0.62	-0.21	-0.68	-0.31	0.54	0.86	-4.7	-0.09	0.05	0.24	0.78	-0.04	-0.27	-0.24	0.07	0.05	0.08	-0.08	-0.32	-0.84	0.09	0.52	-0.31	0.37	-0.06	0.33	-0.38	0.16	-0.11	-0.07
YSVKPPLPYLPP	Negative	YSVKPPLPYLPP	-0.03	0.89	-0.81	0.38	-0.67	0.01	-0.28	-0.17	-0.3	-0.5	-0.8	0.43	-0.22	-0.04	-0.2	-0.44	-0.19	0.02	-0.18	-0.78	0.11	0.35	1.52	-0.26	0.89	0.03	-0.22	-0.45	0.43	-0.88	0.08	-1.01	0.22	0.21	-0.33	0.66	-0.38	0.02	0.12	0.18	-0.2	0.14	-0.15	-0.5	1.18	-0.83	4.35	-0.49	-0.62	1.37	0.77	-1.65	-1.37	0.35	-0.07	0.21	0.17	0.03	-0.03	-0.77	-0.22	0.08	-0.1	-0.5	-0.32	-0.16	-0.32	-0.24	-0.26	0.84	-0.22	0.53	0.16	0.46	1.86	0.26	-0.48	0.4	-3.84	-1.44	-0.35	-0.07	-0.02	0.33	0.12	0.0	-0.12	0.25	-0.78	-0.16	1.31	-0.72	-0.28	0.12	0.08	-0.44	-0.71	-1.65	0.07	0.35	0.12	0.81
HGMASQYFTCFHDSEPSSPGMFGWDPTTPTLPHPQVDE	Negative	HGMASQYFTCFHDSEPSSPGMFGWDPTTPTLPHPQVDE	-0.03	0.39	-0.65	0.08	-0.54	0.29	-0.02	0.1	0.02	-0.25	-0.17	0.04	-0.2	0.09	0.02	-0.08	-0.39	-0.06	-0.17	-0.4	-0.29	-0.0	0.48	-0.38	0.33	-0.25	-0.3	-0.1	0.21	0.02	-0.16	-0.29	-0.0	0.08	-0.14	0.47	-0.61	0.05	0.08	0.04	0.01	0.06	-0.59	-0.01	-1.11	-1.71	0.68	-1.25	-1.04	0.38	-0.23	-0.28	-0.6	-0.28	0.13	0.21	0.04	-0.02	0.08	-0.85	-0.2	-0.17	-0.1	-0.02	-0.53	0.11	0.04	-0.67	0.36	-0.15	0.36	0.1	-0.01	-0.37	0.25	0.39	-0.65	0.14	-4.49	-0.83	0.08	-0.2	0.58	-0.03	-0.21	-0.31	-0.0	-0.29	-0.09	-0.15	0.46	-0.82	-0.26	0.3	-0.31	0.27	-0.45	0.18	-0.25	0.58	-0.18	0.21
SGFDPLITHA	Negative	SGFDPLITHA	-0.29	0.19	-0.64	0.41	-0.38	0.06	-0.2	0.08	0.24	-0.31	0.04	0.14	-0.14	0.12	-0.02	-0.29	-0.42	0.0	0.15	-0.28	-0.27	0.44	0.3	-0.37	0.12	-0.46	-0.16	-0.23	-0.04	-0.32	-0.28	-0.05	0.25	0.07	-0.28	0.42	-0.64	0.0	0.12	-0.04	-0.04	0.06	-0.86	-0.28	0.31	-2.87	0.88	-0.35	-1.94	-0.1	0.02	-0.28	-0.36	-0.13	0.06	0.22	0.1	-0.01	0.02	-0.96	-0.35	-0.26	-0.1	-0.12	-0.57	0.07	0.17	-1.52	-0.05	0.63	0.21	0.6	-0.03	-1.63	0.6	-0.05	-1.84	0.54	-5.2	-0.91	0.19	0.09	0.8	0.17	-0.32	-0.45	-0.26	-0.23	-0.33	0.03	0.25	-0.93	-0.26	0.45	-0.44	0.2	-0.55	-0.22	-0.76	0.29	-0.27	0.45
SLDWSHVPLLVL	Negative	SLDWSHVPLLVL	-0.52	0.02	-1.91	0.45	-1.36	-0.39	-0.3	-0.24	-0.03	-0.2	0.02	-0.01	-0.11	-0.09	0.15	-0.32	-0.23	-0.11	0.0	0.15	0.13	0.65	0.38	-0.14	-0.12	-0.13	-0.02	-0.47	-0.1	-0.78	-0.47	-0.58	-0.06	0.5	-0.42	0.59	-0.55	-0.08	0.06	-0.05	-0.1	0.05	-0.08	-0.49	3.26	-1.49	0.99	1.75	-0.91	-0.7	0.19	-0.61	-0.27	0.14	-0.26	0.24	0.08	-0.01	-0.05	-0.8	-0.33	-0.24	-0.19	-0.12	-0.0	0.11	-0.11	0.51	-1.19	1.31	-0.44	0.05	-0.31	0.88	0.67	-0.35	-0.28	0.14	-4.1	-0.74	0.06	0.26	0.35	0.48	-0.08	0.02	-0.57	-0.06	-0.55	-0.14	0.13	-0.76	-0.16	0.44	-0.1	-0.07	-0.16	-1.42	-0.46	-0.18	-0.15	0.49
SASWKFNSSFGYPTGGIEPGPNCHPQACPDVALKSLSP	Negative	SASWKFNSSFGYPTGGIEPGPNCHPQACPDVALKSLSP	-0.11	0.54	-0.84	0.31	-0.44	0.28	-0.19	0.26	0.01	-0.13	-0.08	0.21	-0.12	0.12	-0.07	-0.22	-0.42	0.11	-0.16	-0.53	-0.41	0.26	0.4	-0.32	0.43	-0.44	-0.24	-0.13	0.06	-0.26	-0.04	-0.24	-0.02	-0.08	-0.31	0.42	-0.54	0.06	0.13	0.02	-0.04	0.05	-1.01	-0.1	-1.19	-2.54	1.12	-1.43	-1.72	0.62	0.23	-0.36	-0.31	-0.01	0.05	0.21	0.1	-0.03	0.06	-0.99	-0.26	-0.22	-0.01	-0.16	-0.77	0.12	0.23	-0.81	-0.17	-0.2	0.22	0.5	-0.18	-1.15	0.35	-0.13	-0.54	0.83	-5.31	-0.89	0.05	0.03	0.84	-0.03	-0.35	-0.5	0.06	-0.09	-0.28	0.04	0.3	-0.94	-0.2	0.44	-0.39	0.28	-0.6	0.19	-0.57	0.58	-0.26	0.41
AFDWTFVPSLIL	Negative	AFDWTFVPSLIL	-0.57	-0.1	-0.46	0.38	-0.65	-0.56	-0.21	-0.06	-0.03	-0.32	0.09	-0.07	-0.19	0.1	-0.14	-0.45	-0.16	-0.19	0.33	0.07	0.26	0.51	0.31	-0.18	-0.13	-0.07	-0.03	-0.58	-0.26	-0.6	-0.18	-0.28	0.2	-0.07	-0.27	0.59	-0.53	-0.11	0.06	-0.03	-0.09	0.08	0.08	-0.69	4.1	-1.38	1.05	2.24	-0.97	-0.56	-0.06	-0.57	-0.4	0.11	0.36	0.23	0.09	0.04	-0.02	-0.72	-0.42	-0.12	-0.14	-0.25	-0.12	-0.02	-0.06	0.12	-0.08	1.16	-0.38	0.55	0.24	0.35	1.16	-0.25	-0.38	0.13	-3.7	-0.91	0.09	0.11	0.37	0.63	0.03	0.06	-0.6	-0.07	-0.5	-0.43	0.12	-0.71	-0.19	0.31	-0.21	-0.18	-0.39	-1.84	-0.29	0.07	-0.28	0.28
NQDVPLF	Negative	NQDVPLF	-0.04	0.17	-1.02	0.23	-1.05	0.12	-0.18	-0.29	0.06	-0.39	-0.07	-0.16	0.01	-0.16	-0.11	-0.14	-0.3	-0.34	-0.35	-0.15	0.06	0.25	0.48	-0.31	0.19	-0.02	-0.19	-0.14	0.2	-0.43	0.01	-0.13	0.61	-0.36	-0.12	0.47	-0.51	0.0	0.03	0.01	-0.04	0.07	-0.06	-0.24	0.23	-0.59	0.71	-0.24	-0.15	-0.48	-0.33	-0.39	-0.67	0.22	-0.07	0.22	-0.04	-0.06	-0.08	-0.78	-0.22	-0.13	-0.09	-0.07	0.18	-0.11	-0.13	-1.51	-0.38	0.95	0.14	-0.22	0.17	-0.49	0.47	0.41	-1.98	-0.47	-3.88	-0.29	0.21	-0.01	0.3	0.11	0.05	0.01	-0.28	-0.35	-0.18	-0.16	0.29	-0.72	-0.08	0.15	-0.42	-0.1	-0.21	-0.57	0.19	0.2	-0.75	0.75
TEFLWGFRTVFHG	Negative	TEFLWGFRTVFHG	-0.27	-0.08	0.98	0.17	0.59	-0.28	0.31	0.02	0.07	-0.14	0.31	0.13	-0.13	0.11	-0.11	-0.23	-0.1	-0.04	0.09	-0.05	0.19	0.24	-0.16	0.07	-0.02	0.08	0.11	-0.24	-0.15	-0.2	0.28	0.39	-0.05	0.26	0.05	0.52	-0.41	-0.06	0.04	-0.01	-0.03	0.03	0.29	-0.23	2.15	-0.25	0.26	1.18	-0.54	0.56	-0.3	-0.15	0.41	-0.06	0.17	0.22	0.06	0.11	0.02	-0.61	-0.18	0.05	-0.16	-0.25	-0.36	0.18	0.42	0.44	0.91	0.07	0.56	0.77	0.22	0.2	0.76	-0.28	0.3	0.08	-3.08	-0.42	-0.06	-0.3	0.55	0.31	0.04	0.02	0.14	0.05	-0.14	0.03	-0.19	-0.62	-0.06	0.15	-0.38	0.27	-0.53	-0.71	-0.15	-0.32	0.14	-0.35
NHPFNALSFSSRG	Negative	NHPFNALSFSSRG	-0.06	0.43	-0.82	0.32	-0.22	0.34	0.04	0.05	0.32	-0.01	0.23	0.31	-0.2	0.03	-0.19	-0.07	-0.33	0.19	-0.13	-0.41	-0.27	0.27	0.18	-0.12	0.39	-0.28	-0.15	-0.01	-0.03	-0.31	-0.24	0.04	0.29	-0.14	-0.17	0.48	-0.53	0.06	0.09	0.01	-0.04	0.02	-0.65	-0.06	-1.52	-1.54	0.21	-1.26	-0.99	0.48	0.43	0.13	-0.3	-0.21	-0.17	0.23	0.04	0.03	0.11	-0.88	-0.12	-0.21	-0.11	-0.05	-0.61	0.17	0.36	0.88	-0.58	-0.1	0.41	0.56	-0.54	0.89	-0.14	-0.43	1.9	1.17	-4.66	-0.46	0.11	-0.22	0.82	-0.1	-0.22	-0.35	0.15	0.02	0.08	0.11	0.07	-0.84	-0.18	0.29	-0.51	0.51	-0.5	0.55	0.07	0.44	-0.04	0.59
VTPGAMILVEGGVSPKGARCTDL	Negative	VTPGAMILVEGGVSPKGARCTDL	-0.27	0.18	-0.04	0.66	0.08	0.09	-0.53	0.16	-0.08	-0.15	0.15	0.22	0.01	0.1	0.08	-0.42	-0.47	0.12	-0.23	-0.23	-0.48	0.58	0.13	-0.11	0.04	-0.66	0.12	-0.06	-0.06	-0.26	0.19	0.01	-0.29	0.26	-0.55	0.34	-0.46	0.02	0.14	-0.08	-0.06	-0.0	-1.22	-0.28	-0.33	-3.48	1.01	-0.68	-2.49	0.01	0.29	-0.29	0.27	0.13	0.12	0.22	0.15	-0.09	-0.03	-1.13	-0.37	-0.27	0.16	-0.28	-0.77	0.13	0.33	-2.76	-0.33	-0.36	-0.03	0.58	0.04	-4.05	0.26	-0.35	-3.13	0.92	-6.19	-0.46	-0.06	0.6	1.0	0.05	-0.53	-0.62	-0.09	-0.11	-0.56	0.3	0.04	-1.07	0.13	0.66	-0.45	0.04	-0.53	-0.0	-1.54	-0.18	-0.49	0.17
EQYQLAWPAMQS	Negative	EQYQLAWPAMQS	0.08	-0.23	-0.91	0.01	-0.76	0.13	0.06	-0.22	-0.39	0.08	-0.08	-0.02	-0.05	0.35	0.26	-0.03	-0.23	-0.17	-0.1	0.24	0.05	0.1	0.27	-0.25	-0.32	-0.01	-0.41	-0.03	0.09	-0.08	0.08	-0.45	-0.28	-0.62	-0.08	0.64	-0.41	0.01	-0.03	-0.05	-0.01	0.08	0.03	-0.08	-0.58	-0.22	0.49	-0.35	0.26	-0.42	0.16	-0.43	0.14	-0.38	0.32	0.22	-0.05	-0.03	-0.02	-0.71	-0.11	-0.1	-0.13	-0.01	-0.28	0.11	0.24	0.41	-0.32	-0.3	0.42	-0.43	0.09	0.57	-0.14	0.03	0.4	-0.33	-3.62	-0.2	-0.01	-0.06	0.46	0.02	0.06	0.01	-0.06	-0.04	-0.25	-0.21	-0.1	-0.68	0.01	0.3	-0.26	0.25	-0.12	-0.37	0.1	-0.02	-0.28	0.32
EMLTLPLTSIPIPWHPQGPGYLYHKPPRGTDFRMLSSK	Negative	EMLTLPLTSIPIPWHPQGPGYLYHKPPRGTDFRMLSSK	0.0	0.35	-0.25	0.22	-0.05	0.11	-0.13	-0.12	-0.16	-0.18	-0.17	0.24	-0.15	-0.06	-0.05	-0.19	-0.22	0.08	-0.02	-0.34	-0.02	0.24	0.62	-0.12	0.34	-0.05	-0.1	-0.12	0.17	-0.32	0.11	-0.41	-0.05	0.15	-0.27	0.54	-0.39	0.02	0.06	0.05	-0.09	0.06	-0.16	-0.16	0.01	-0.66	1.95	-0.58	-0.5	0.64	0.37	-0.67	-0.43	-0.04	0.01	0.21	0.08	0.01	-0.01	-0.78	-0.15	-0.07	-0.11	-0.21	-0.26	0.11	0.02	-0.11	-0.34	0.22	-0.12	0.37	0.01	-0.06	0.58	-0.04	-0.18	0.26	-4.04	-0.52	-0.27	0.05	0.33	0.11	-0.0	-0.09	0.06	0.11	-0.34	0.08	0.5	-0.75	-0.02	0.29	-0.06	0.12	-0.4	-0.51	-0.19	-0.12	0.12	0.34
HEARTVSTTYLML	Negative	HEARTVSTTYLML	-0.11	-0.29	0.32	0.46	0.21	-0.1	-0.26	-0.37	0.06	0.11	0.15	0.05	-0.46	0.18	0.14	-0.02	-0.26	0.11	-0.07	0.32	-0.02	0.38	0.06	0.26	-0.34	-0.15	0.33	0.11	-0.11	-0.21	-0.11	-0.35	-0.18	0.43	-0.36	0.6	-0.42	-0.03	-0.0	-0.09	-0.06	-0.06	-0.11	-0.13	0.09	-0.71	-0.06	0.49	-0.28	-0.8	0.61	0.09	-0.07	-0.05	0.17	0.23	0.04	-0.03	0.07	-0.78	-0.29	-0.24	-0.1	0.04	-0.19	0.1	-0.05	-0.2	-0.63	0.21	-0.17	0.04	0.01	-0.31	-0.34	-0.12	-0.33	0.3	-4.22	0.03	0.08	0.23	0.48	0.04	-0.12	-0.02	-0.42	0.06	-0.14	-0.11	-0.01	-0.76	0.11	0.39	-0.35	-0.02	-0.0	-0.2	-0.63	-0.66	-0.26	-0.03
MAEVLENSVG	Negative	MAEVLENSVG	-0.19	-0.34	-0.03	0.61	-0.37	0.16	-0.44	-0.18	0.01	-0.15	0.36	0.0	0.06	0.18	0.25	-0.24	-0.5	-0.12	-0.48	0.32	-0.39	0.63	-0.06	-0.34	-0.5	-0.56	-0.1	0.05	-0.1	-0.23	-0.17	0.26	-0.38	0.03	-0.47	0.33	-0.47	0.01	0.06	-0.18	-0.0	0.03	-0.95	-0.27	-0.52	-3.06	-0.32	-0.45	-1.79	-1.3	0.03	-0.42	0.56	-0.03	-0.38	0.24	0.05	-0.1	-0.01	-1.07	-0.36	-0.31	0.08	-0.04	-0.41	0.08	0.31	-1.9	-0.85	-0.38	0.07	-0.26	0.14	-2.62	-0.57	-0.28	-2.16	0.28	-5.8	0.02	0.11	0.55	0.91	-0.02	-0.5	-0.48	-0.23	-0.48	-0.54	0.3	-0.38	-1.0	0.21	0.64	-0.47	0.14	-0.18	0.16	-1.21	-0.12	-1.01	0.25
HSPRYHSEPQFG	Negative	HSPRYHSEPQFG	0.27	0.53	-0.82	-0.08	-0.34	0.55	0.37	-0.13	0.15	-0.09	-0.29	0.31	-0.08	0.18	0.02	0.14	-0.25	0.09	-0.37	-0.46	-0.15	-0.15	0.51	-0.09	0.49	0.03	-0.21	0.16	0.25	0.01	-0.28	-0.18	0.14	0.11	0.08	0.51	-0.45	0.09	0.03	0.09	-0.01	0.03	-0.14	0.32	-2.56	0.14	0.92	-2.01	0.17	1.02	0.19	-0.21	-0.43	-0.27	-0.33	0.2	0.0	0.07	0.07	-0.68	0.04	-0.03	-0.25	-0.03	-0.51	0.26	0.28	1.59	0.01	-0.53	1.04	0.15	-0.3	2.18	-0.03	0.13	2.46	0.37	-3.41	-0.52	-0.06	-0.69	0.44	-0.29	0.01	-0.12	0.36	0.01	0.12	0.16	0.58	-0.65	-0.29	0.07	-0.3	0.63	-0.45	0.84	0.49	0.27	0.32	0.27
GIRWLAFPYG	Negative	GIRWLAFPYG	-0.32	0.27	0.81	0.28	0.71	-0.35	0.2	0.21	-0.13	-0.19	0.14	0.42	0.13	0.09	-0.09	-0.51	-0.07	0.05	0.33	-0.43	0.23	0.42	0.03	-0.11	0.33	-0.03	0.01	-0.49	-0.36	-0.39	0.37	0.34	-0.17	-0.03	-0.09	0.47	-0.31	-0.06	0.1	0.05	-0.1	0.09	0.05	-0.49	2.87	-0.93	1.86	1.15	-1.21	1.28	-0.1	-0.62	0.47	0.22	0.13	0.21	0.14	0.11	-0.05	-0.68	-0.13	0.11	-0.08	-0.49	-0.73	0.11	0.6	-0.05	0.48	0.39	0.37	0.89	0.08	-0.79	1.26	-0.61	-0.29	0.93	-3.55	-0.78	-0.26	-0.03	0.69	0.48	0.13	-0.13	0.37	0.26	-0.57	0.21	-0.11	-0.69	-0.02	0.28	-0.26	0.2	-0.75	-1.31	-0.24	-0.15	0.34	-0.02
VLNWPGMLLV	Negative	VLNWPGMLLV	-0.62	-0.05	-0.17	0.44	-0.26	-0.58	-0.36	-0.16	-0.23	-0.24	0.19	0.19	0.02	-0.33	0.18	-0.63	-0.17	-0.11	0.1	0.05	0.19	0.62	0.25	-0.19	-0.1	-0.15	0.07	-0.65	0.13	-0.59	0.2	-0.12	-0.3	0.22	-0.45	0.64	-0.44	-0.12	0.09	-0.04	-0.09	0.08	-0.05	-0.82	4.94	-1.88	1.39	2.54	-1.53	-0.02	0.19	-0.82	0.17	0.17	-0.35	0.24	0.13	-0.01	-0.1	-0.84	-0.29	-0.05	0.0	-0.37	-0.05	0.06	-0.01	-1.47	-0.37	1.11	-0.78	0.13	-0.15	-1.86	1.26	-0.29	-3.0	-0.09	-4.36	-0.68	-0.28	0.64	0.36	0.71	-0.18	-0.05	-0.25	0.1	-0.86	0.04	-0.2	-0.8	0.13	0.55	0.06	-0.28	-0.25	-2.18	-0.76	-0.33	0.03	0.31
RIQYQAISTVSL	Negative	RIQYQAISTVSL	-0.19	-0.01	-0.6	0.48	-0.33	-0.12	-0.36	-0.39	-0.0	0.09	0.19	0.02	-0.23	0.28	0.14	-0.07	-0.26	0.09	-0.05	0.14	0.06	0.46	-0.07	0.45	-0.19	-0.19	0.69	0.14	-0.17	-0.27	-0.27	-0.33	-0.07	-0.49	-0.43	0.7	-0.38	-0.04	0.02	-0.06	-0.12	-0.12	-0.17	-0.17	0.22	-0.84	0.32	0.43	-0.3	-0.93	0.91	0.31	-0.03	0.59	0.26	0.23	0.0	-0.07	-0.02	-0.83	-0.32	-0.3	-0.05	-0.03	-0.18	0.04	0.08	0.8	-1.64	0.04	-0.03	0.21	-0.02	0.5	-0.51	-0.68	1.28	0.64	-4.37	0.17	0.17	0.29	0.56	0.03	-0.1	-0.04	-0.57	0.22	-0.32	-0.19	-0.11	-0.78	0.11	0.4	-0.42	0.11	-0.02	-0.37	-0.67	-0.88	-0.69	0.27
GCRIVYRRPLHL	Negative	GCRIVYRRPLHL	-0.08	0.14	0.28	0.3	0.69	-0.18	-0.15	-0.29	0.05	0.25	-0.12	0.36	0.14	-0.13	-0.02	-0.22	-0.01	0.25	-0.05	-0.01	0.16	0.14	0.13	0.67	0.14	0.15	0.59	0.0	-0.36	-0.11	0.31	-0.1	0.26	0.58	-0.3	0.49	-0.06	-0.04	-0.0	0.04	-0.1	-0.09	0.38	-0.08	1.33	1.12	0.75	1.1	0.31	0.68	0.65	0.18	0.16	0.27	-0.37	0.22	0.06	0.04	-0.08	-0.65	-0.03	0.04	-0.03	-0.36	-0.1	0.34	0.18	0.46	-0.7	0.03	-0.17	0.29	-0.4	0.0	0.2	-0.5	0.65	0.92	-3.35	0.3	-0.44	0.16	0.29	0.06	0.12	0.21	0.13	0.51	-0.09	0.32	0.27	-0.63	0.28	0.29	-0.09	0.16	-0.11	-0.28	-0.04	-0.84	0.57	-0.08
AKSSAKGKASGV	Negative	AKSSAKGKASGV	0.08	0.14	-1.06	0.77	-0.05	0.56	-0.43	0.27	-0.11	0.17	0.42	0.42	-0.03	0.56	-0.07	-0.22	-0.57	0.54	-0.56	-0.19	-0.72	0.87	-0.22	0.02	-0.09	-0.87	-0.13	0.4	0.16	-0.79	-0.1	0.07	-0.62	0.1	-0.65	0.24	-0.43	0.13	0.11	-0.15	-0.12	-0.02	-1.81	0.04	-4.16	-3.63	1.22	-2.95	-2.32	-0.02	1.34	-0.2	0.85	-0.07	0.57	0.22	0.15	-0.08	-0.01	-1.25	-0.29	-0.37	0.15	-0.24	-1.26	0.27	0.91	-0.7	-1.05	-1.39	0.32	1.44	-0.1	-3.0	-0.36	-1.33	0.47	1.79	-7.04	-0.27	-0.09	0.54	1.49	-0.39	-0.65	-0.88	0.09	0.27	-0.31	0.65	-0.29	-1.2	0.18	0.76	-0.64	0.52	-0.79	1.36	-1.52	-0.25	-0.22	0.51
GMWWWPLFTL	Negative	GMWWWPLFTL	-0.57	-0.0	0.5	-0.29	0.12	-0.82	0.43	0.28	-0.59	-0.17	0.16	0.04	-0.2	-0.23	0.05	-0.46	0.15	-0.18	0.64	-0.1	0.64	0.02	0.15	-0.34	0.1	0.45	-0.36	-0.93	-0.15	-0.2	0.33	-0.26	-0.7	0.03	0.03	0.75	-0.46	-0.15	0.03	0.09	-0.03	0.18	1.05	-0.66	6.39	0.6	1.54	3.39	-0.07	1.17	-0.63	-0.95	0.19	-0.25	0.35	0.21	0.1	0.16	0.01	-0.38	-0.15	0.14	-0.29	-0.29	-0.19	0.25	0.07	1.7	1.16	1.18	-0.54	0.39	-0.03	1.92	1.85	-0.1	0.34	-0.54	-1.68	-1.28	-0.37	-0.19	0.11	0.94	0.42	0.38	0.18	0.26	-0.53	-0.4	-0.21	-0.43	-0.2	0.22	0.3	0.06	-0.42	-2.76	0.5	0.14	0.98	-0.35
EKWGMHQECYRH	Negative	EKWGMHQECYRH	0.41	-0.26	0.42	-0.58	0.43	0.31	0.54	-0.21	-0.02	0.35	-0.1	-0.0	0.16	0.1	0.22	0.29	-0.07	0.02	-0.32	0.27	0.08	-0.54	-0.25	0.09	-0.2	0.39	-0.22	0.29	0.15	0.5	0.13	0.24	-0.24	0.33	0.17	0.38	-0.19	0.04	-0.12	0.02	0.1	0.01	0.64	0.57	-1.51	2.5	-0.92	-0.59	1.6	0.52	-0.3	0.11	0.64	-0.45	-0.44	0.21	-0.09	0.08	0.0	-0.47	0.15	0.12	-0.23	0.09	-0.01	0.47	0.32	1.42	0.68	-0.81	0.54	-0.54	-0.08	1.58	-0.54	0.25	1.56	-0.8	-2.31	0.4	-0.36	-0.47	0.25	-0.31	0.21	0.28	0.57	0.08	0.42	0.33	-0.14	-0.48	0.14	0.16	0.04	0.81	0.08	0.99	0.73	-0.13	0.72	-0.55
TWWWTWAGKH	Negative	TWWWTWAGKH	-0.13	0.01	0.66	-0.58	0.54	-0.32	0.84	0.57	-0.57	0.14	0.24	-0.0	-0.47	0.03	0.28	0.05	0.1	0.1	0.17	-0.16	0.47	-0.32	-0.42	-0.08	0.09	0.47	-0.22	-0.35	-0.25	0.12	-0.1	-0.12	-1.11	0.02	0.21	0.63	-0.52	-0.06	-0.03	0.1	0.0	0.09	0.96	0.12	2.44	1.68	0.95	1.47	0.81	1.36	-0.35	-0.3	0.68	-0.03	0.46	0.2	0.08	0.17	0.05	-0.28	-0.19	-0.12	-0.51	0.07	-0.66	0.59	0.36	2.2	1.38	1.23	0.25	0.7	-0.39	2.53	1.33	0.02	0.88	-0.41	-1.23	-1.37	0.08	-0.68	0.48	0.37	0.5	0.32	0.32	0.45	-0.07	-0.07	-0.37	-0.38	-0.5	0.18	-0.09	0.53	-0.42	-0.89	0.79	-0.12	1.53	-0.58
TPITQLL	Negative	TPITQLL	-0.32	0.0	-0.15	0.67	-0.23	-0.28	-0.67	-0.38	-0.22	-0.18	-0.05	-0.01	-0.51	-0.12	0.09	-0.28	-0.28	-0.05	0.37	0.03	0.06	0.66	0.7	0.09	-0.1	-0.24	0.38	-0.19	0.02	-0.5	0.39	-0.9	0.16	-0.31	-0.53	0.81	-0.46	-0.06	0.07	-0.04	-0.17	0.0	-0.25	-0.44	1.85	-1.83	2.0	0.9	-1.05	-0.67	0.84	-0.56	-0.61	0.42	0.24	0.23	0.09	-0.1	-0.05	-0.9	-0.54	-0.34	-0.07	-0.14	0.17	-0.1	-0.42	-2.23	-1.19	1.39	-0.66	0.34	0.24	-1.94	0.73	0.06	-3.48	-0.34	-4.72	-0.4	0.12	0.6	0.25	0.37	-0.15	-0.06	-0.76	0.1	-0.76	-0.28	0.37	-0.84	0.02	0.43	-0.25	-0.44	-0.12	-1.55	-1.13	-0.93	-0.83	0.54
DGFPGCRGDCSQE	Negative	DGFPGCRGDCSQE	0.08	0.59	-0.74	0.1	-0.32	0.55	-0.08	0.54	0.1	-0.0	0.03	-0.08	0.32	0.08	-0.1	-0.04	-0.51	-0.05	-0.33	-0.61	-0.71	-0.07	-0.1	-0.41	0.52	-0.53	-0.34	0.11	-0.31	0.35	0.37	0.27	0.01	0.19	-0.17	0.06	-0.46	0.12	0.12	0.02	0.1	0.01	-1.25	0.36	-3.39	-2.42	-0.81	-2.66	-1.82	0.76	-1.11	0.33	0.23	-0.11	0.16	0.2	0.0	-0.09	0.05	-1.05	-0.08	-0.18	0.16	-0.06	-0.9	0.21	0.54	-1.91	0.35	-1.41	0.76	-0.08	-0.02	-2.69	-0.78	0.07	-1.26	0.91	-5.67	-0.12	0.07	-0.01	1.18	-0.39	-0.39	-0.67	0.59	-0.58	0.19	0.21	0.05	-0.98	0.06	0.45	-0.63	0.69	-0.52	1.59	-0.71	0.88	-0.74	-0.2
QHQNRQQLGSNIAATLPGKRESV	Negative	QHQNRQQLGSNIAATLPGKRESV	0.23	0.07	-0.66	0.39	-0.12	0.52	-0.18	-0.21	-0.07	0.14	0.19	0.16	-0.06	0.1	0.14	0.07	-0.36	0.14	-0.43	-0.04	-0.28	0.35	0.06	0.13	-0.05	-0.28	0.09	0.41	0.03	-0.17	0.15	-0.11	-0.03	-0.38	-0.28	0.48	-0.35	0.08	0.02	-0.06	-0.06	-0.03	-0.58	0.23	-3.18	-0.91	0.5	-1.93	-0.35	-0.22	0.7	0.08	0.31	0.08	-0.08	0.22	-0.01	-0.08	-0.04	-0.92	-0.16	-0.31	-0.04	0.0	-0.36	0.23	0.39	-0.82	-1.24	-0.31	0.5	0.16	-0.25	-1.14	-0.63	-0.34	-0.53	0.45	-4.86	0.31	0.09	0.17	0.79	-0.36	-0.19	-0.29	0.06	0.07	-0.11	0.39	-0.07	-0.86	0.14	0.4	-0.57	0.4	-0.2	0.93	-0.45	-0.62	-0.43	0.54
EVFRWSAASV	Negative	EVFRWSAASV	-0.3	-0.25	-0.65	0.5	-0.58	-0.11	-0.15	-0.0	-0.12	0.03	0.24	0.05	-0.14	0.51	0.06	-0.22	-0.25	0.04	-0.37	0.3	-0.06	0.45	-0.07	0.18	-0.41	-0.24	0.11	-0.05	-0.52	-0.34	-0.52	-0.16	-0.31	-0.03	-0.33	0.49	-0.42	-0.04	0.02	-0.11	-0.06	-0.02	-0.27	-0.29	0.63	-1.28	0.07	0.69	-0.66	-0.89	0.47	-0.07	0.28	-0.01	0.31	0.23	0.07	0.01	0.03	-0.79	-0.36	-0.28	-0.09	-0.13	-0.67	0.29	0.41	1.57	-0.71	-0.36	0.3	0.49	-0.14	1.05	-0.08	-0.73	2.28	1.12	-4.14	-0.43	0.18	-0.03	0.8	0.08	-0.13	-0.11	-0.43	0.02	-0.26	-0.12	-0.1	-0.77	-0.1	0.39	-0.53	0.18	-0.34	-0.19	-0.34	-0.15	-0.18	0.13
PDIRHYFIQNRG	Negative	PDIRHYFIQNRG	0.24	0.28	0.41	-0.04	0.48	0.25	0.2	-0.29	0.2	-0.09	-0.01	0.16	0.1	-0.11	-0.08	0.06	-0.1	0.02	-0.16	-0.29	0.2	-0.09	0.05	0.21	0.38	0.24	0.29	0.19	-0.11	0.09	-0.04	0.32	0.46	-0.26	0.01	0.42	-0.25	0.02	-0.02	0.09	-0.05	-0.03	0.43	0.16	-0.91	1.42	0.6	-0.61	0.83	0.49	0.01	0.2	-0.19	0.35	-0.28	0.21	-0.05	0.05	-0.06	-0.58	0.01	-0.03	-0.18	-0.08	-0.02	0.16	0.2	0.4	-0.4	0.37	0.43	0.11	-0.07	0.89	-0.05	-0.02	0.79	0.28	-2.87	0.24	-0.08	-0.28	0.31	-0.15	0.31	0.15	0.24	0.11	0.13	0.27	0.24	-0.56	0.05	0.07	-0.3	0.44	-0.18	0.35	0.59	-0.41	0.14	0.24
GLGWCGVRWG	Negative	GLGWCGVRWG	-0.49	0.58	0.53	0.19	0.84	-0.24	0.22	0.84	-0.28	0.06	0.49	0.38	0.34	-0.12	0.19	-0.51	-0.22	0.18	0.05	-0.7	-0.27	0.27	-0.66	-0.12	0.5	-0.4	0.13	-0.45	-0.44	0.07	0.67	0.69	-0.99	0.43	-0.19	0.29	-0.4	-0.02	0.18	0.04	0.01	0.02	-0.72	-0.15	1.97	-2.6	0.47	0.45	-2.7	2.1	-0.74	-0.01	1.49	0.3	-0.01	0.2	0.17	0.04	-0.02	-0.9	-0.09	-0.04	0.1	-0.42	-1.32	0.43	1.0	-1.23	0.84	-0.62	0.58	0.82	-0.45	-3.2	0.7	-0.81	-1.94	1.31	-4.83	-0.78	-0.23	0.2	1.33	0.3	-0.31	-0.6	0.9	0.14	-0.51	0.55	-0.71	-0.89	0.07	0.62	-0.41	0.61	-0.82	-0.3	-1.15	-0.02	0.42	-0.67
HHILPPKALLFG	Negative	HHILPPKALLFG	-0.28	-0.08	-0.5	0.34	-0.07	-0.17	-0.15	-0.26	0.09	-0.19	-0.21	0.44	0.07	-0.07	-0.0	-0.5	-0.18	0.08	0.3	0.02	0.06	0.52	0.66	-0.21	-0.1	-0.13	-0.3	-0.43	0.31	-0.69	0.16	-0.18	0.46	0.32	-0.26	0.55	-0.38	-0.05	0.06	-0.04	-0.1	0.14	-0.21	-0.48	2.67	-1.3	2.24	1.04	-1.15	0.44	0.72	-1.0	-0.1	-0.36	-0.49	0.23	0.14	0.07	-0.12	-0.81	-0.23	0.03	-0.16	-0.44	-0.09	0.19	0.14	-1.34	0.12	1.13	-0.16	0.8	-0.1	-1.47	1.7	-0.17	-2.35	-0.19	-4.29	-0.88	-0.37	0.19	0.31	0.44	-0.18	-0.1	-0.14	0.28	-0.58	0.35	0.38	-0.79	-0.1	0.4	0.05	0.04	-0.53	-1.23	-0.4	-0.2	0.61	0.63
EMEWMKALRQHISGELRRNYTEE	Negative	EMEWMKALRQHISGELRRNYTEE	0.4	-0.45	0.63	0.07	0.37	0.34	0.08	-0.41	-0.18	0.18	0.17	-0.05	0.02	0.11	0.1	0.21	-0.15	-0.03	-0.33	0.45	0.08	0.11	-0.02	0.05	-0.42	0.2	-0.16	0.41	-0.31	0.06	0.14	0.06	-0.25	0.04	-0.13	0.35	-0.15	0.04	-0.11	-0.08	-0.01	0.03	0.41	0.3	-2.09	1.46	-0.12	-0.92	1.21	-0.66	0.02	-0.3	0.57	-0.22	-0.25	0.23	-0.07	0.01	-0.03	-0.61	-0.05	-0.11	-0.16	0.08	0.1	0.29	0.27	0.87	-0.89	-0.43	0.18	-0.45	0.2	0.96	-1.0	-0.16	1.28	-0.21	-3.14	0.83	-0.2	-0.01	0.36	-0.3	0.24	0.19	0.24	-0.12	0.04	0.38	-0.14	-0.59	0.34	0.23	-0.21	0.48	0.11	0.7	0.25	-0.67	-0.22	-0.04
SMWAHSSRDDAV	Negative	SMWAHSSRDDAV	-0.04	-0.01	-1.74	0.14	-1.01	0.32	-0.08	0.07	0.07	0.04	0.18	-0.09	-0.13	0.27	0.14	0.09	-0.39	0.08	-0.4	0.07	-0.3	0.1	-0.11	-0.14	-0.13	-0.3	-0.22	0.15	-0.26	0.02	-0.94	-0.23	-0.3	0.22	-0.31	0.33	-0.61	0.05	0.01	-0.07	0.03	-0.02	-0.58	0.09	-2.02	-1.25	-0.78	-1.02	-0.42	-0.87	-0.04	0.42	-0.2	-0.42	0.33	0.22	-0.01	-0.05	0.08	-0.85	-0.16	-0.41	-0.14	0.22	-0.63	0.36	0.26	1.25	-0.85	-0.3	0.11	-0.11	-0.5	1.17	-0.9	-0.25	2.05	1.04	-4.57	-0.31	0.23	-0.05	0.85	-0.22	-0.14	-0.26	-0.23	-0.25	0.24	-0.08	0.03	-0.82	-0.15	0.48	-0.43	0.54	-0.13	0.98	-0.04	0.4	0.09	0.29
WHLACAGVFS	Negative	WHLACAGVFS	-0.68	-0.14	-0.69	0.23	-0.32	-0.42	-0.05	0.33	0.17	0.13	0.13	0.2	0.01	0.29	0.15	-0.5	-0.28	0.08	0.24	0.09	-0.21	0.26	-0.22	-0.12	-0.28	-0.44	-0.11	-0.55	-0.21	-0.18	-0.12	0.08	-0.06	0.25	-0.24	0.5	-0.56	-0.08	0.1	-0.09	0.03	0.03	-0.69	-0.47	3.21	-2.72	-0.49	1.92	-2.14	0.16	0.11	0.11	0.46	-0.36	0.02	0.23	0.14	0.05	0.04	-0.89	-0.32	-0.11	-0.03	-0.27	-0.85	0.31	0.44	-0.6	0.83	0.09	0.16	0.61	-0.44	-1.54	0.92	-0.42	-1.1	0.7	-4.87	-1.16	0.06	0.1	0.96	0.43	-0.47	-0.35	-0.21	0.11	-0.29	-0.11	-0.34	-0.89	-0.24	0.6	-0.33	0.27	-0.51	-0.72	-0.76	0.53	0.4	-0.11
VNCGWMYYGPCTN	Negative	VNCGWMYYGPCTN	-0.27	0.63	0.97	-0.19	0.63	-0.18	0.08	0.42	0.18	0.08	0.01	0.11	-0.12	-0.16	0.06	-0.21	-0.28	0.05	0.01	-0.67	-0.18	-0.35	-0.28	-0.16	0.67	-0.18	0.21	-0.36	0.1	0.39	0.32	0.32	-0.22	0.07	-0.11	0.46	-0.5	-0.01	0.13	0.12	0.08	-0.05	-0.43	-0.13	1.37	-1.35	-0.7	0.46	-1.38	1.44	-0.53	0.4	-0.05	0.4	-0.15	0.21	0.06	0.0	0.13	-0.81	-0.12	0.03	0.08	-0.09	-0.73	0.02	0.06	-1.48	1.29	-0.14	-0.04	-0.16	-0.25	-1.85	0.37	0.35	-1.97	0.39	-4.33	-0.81	0.0	0.0	0.73	0.18	-0.25	-0.28	0.37	0.0	-0.04	-0.21	-0.25	-0.79	-0.08	0.41	-0.24	0.23	-0.32	-0.3	-0.32	0.88	0.02	-0.52
DWVAVKQSYF	Negative	DWVAVKQSYF	-0.1	-0.06	-0.7	0.03	-0.7	-0.19	0.15	-0.14	-0.09	-0.1	0.11	-0.15	-0.05	0.37	-0.01	-0.06	-0.16	-0.1	-0.41	0.09	0.28	0.19	-0.25	0.11	-0.1	0.12	0.13	-0.06	0.06	-0.46	-0.39	0.03	-0.21	-0.1	-0.09	0.5	-0.44	-0.04	-0.02	-0.01	-0.06	-0.02	0.31	-0.15	0.98	0.45	0.2	0.71	0.46	-0.44	-0.03	-0.08	0.11	0.39	0.52	0.22	-0.02	0.03	-0.03	-0.61	-0.18	-0.04	-0.15	-0.08	-0.25	0.04	0.24	1.52	0.0	0.09	0.34	0.26	0.28	1.57	0.29	-0.34	1.8	0.02	-3.02	-0.34	0.12	-0.22	0.46	0.14	0.19	0.16	-0.29	0.07	-0.06	-0.26	-0.17	-0.6	-0.08	0.18	-0.35	0.15	-0.26	-0.56	0.2	-0.12	-0.15	-0.0
PKPEQGR	Negative	PKPEQGR	0.81	0.51	-0.2	0.24	0.16	1.05	-0.07	-0.1	-0.6	-0.1	-0.39	0.33	0.15	0.04	-0.11	0.09	-0.27	0.14	-0.84	-0.51	-0.34	0.11	0.96	-0.05	0.51	-0.01	-0.42	0.6	0.21	-0.17	0.7	-0.43	-0.12	-0.15	-0.19	0.31	-0.1	0.19	-0.0	0.07	-0.11	0.1	-0.38	0.52	-5.79	0.54	3.16	-4.31	0.48	1.22	0.57	-1.08	-0.01	-0.11	-0.03	0.2	0.03	-0.04	-0.12	-0.83	-0.0	-0.09	-0.03	-0.28	-0.4	0.33	0.42	-0.85	-0.76	-1.12	0.74	0.41	0.2	-1.02	-0.03	0.06	-0.17	0.29	-4.17	0.21	-0.46	-0.13	0.45	-0.65	0.11	-0.2	0.71	0.08	-0.21	0.75	0.91	-0.76	0.21	0.14	-0.3	0.38	-0.57	1.34	0.09	-0.5	-0.05	0.6
GCGGTEGHIGRGC	Negative	GCGGTEGHIGRGC	-0.23	0.67	0.92	0.35	1.23	0.38	-0.08	0.81	0.24	0.09	0.39	0.44	0.36	0.01	0.18	-0.35	-0.59	0.3	-0.05	-0.84	-0.96	0.21	-0.61	-0.25	0.53	-0.96	0.15	0.01	-0.22	0.48	0.73	0.97	-0.51	0.45	-0.29	0.08	-0.46	0.09	0.24	-0.02	0.08	-0.04	-1.95	0.24	-2.12	-4.72	-0.51	-2.16	-4.0	1.82	-0.61	0.47	1.31	0.11	-0.32	0.2	0.16	-0.05	0.04	-1.26	-0.17	-0.19	0.27	-0.28	-1.53	0.36	1.01	-3.96	0.91	-1.57	0.97	0.74	-0.3	-6.35	-0.25	-0.44	-4.2	1.46	-7.11	-0.42	-0.08	0.39	1.72	-0.23	-0.89	-1.17	0.94	-0.23	-0.29	0.85	-0.51	-1.21	0.14	0.79	-0.69	0.85	-0.84	1.53	-2.07	0.27	-0.31	-0.62
RAYQTTLLTL	Negative	RAYQTTLLTL	-0.1	-0.27	0.3	0.72	0.36	-0.26	-0.35	-0.39	-0.11	0.2	0.2	0.06	-0.53	0.14	0.04	-0.06	-0.18	0.11	0.19	0.28	0.15	0.69	0.11	0.41	-0.28	-0.08	0.42	0.07	-0.35	-0.59	0.48	-0.59	0.0	0.2	-0.36	0.68	-0.32	-0.04	0.0	-0.08	-0.16	-0.06	0.06	-0.22	0.39	-0.38	0.69	0.76	-0.12	-0.65	0.8	0.02	0.06	0.26	0.57	0.23	0.04	-0.05	0.01	-0.76	-0.32	-0.24	-0.08	-0.07	-0.11	-0.05	0.01	-0.93	-1.07	0.83	-0.14	0.26	0.14	-1.05	-0.1	-0.33	-1.35	0.41	-4.08	0.25	0.17	0.39	0.51	0.14	0.07	0.07	-0.43	0.27	-0.29	-0.16	-0.13	-0.74	0.22	0.33	-0.56	-0.26	-0.05	-0.76	-0.73	-1.17	-0.6	0.16
PQPYDKNRGPTLN	Negative	PQPYDKNRGPTLN	0.51	0.71	-0.14	0.21	0.09	0.69	-0.06	-0.06	-0.12	-0.19	-0.21	0.2	-0.18	-0.23	-0.16	0.1	-0.31	0.07	-0.52	-0.73	-0.17	0.09	0.67	-0.19	0.81	-0.02	-0.19	0.28	0.19	-0.28	0.33	-0.28	0.24	-0.18	-0.15	0.38	-0.36	0.14	0.05	0.12	-0.09	0.05	-0.33	0.25	-3.79	0.04	2.07	-2.95	0.14	0.99	0.21	-0.49	-0.64	0.32	-0.05	0.2	0.01	-0.05	-0.02	-0.81	-0.07	-0.17	-0.09	-0.05	-0.3	0.01	0.04	-1.55	-0.59	0.46	0.32	0.12	-0.05	-0.89	0.13	0.4	-1.49	0.36	-4.11	-0.2	0.01	-0.11	0.46	-0.36	0.16	-0.17	0.38	-0.03	-0.06	0.31	0.62	-0.75	-0.02	0.13	-0.46	0.14	-0.41	0.66	0.29	0.02	-0.27	0.72
SRTQDECWWTLTK	Negative	SRTQDECWWTLTK	0.22	-0.01	-0.18	-0.08	-0.13	0.16	0.05	0.08	-0.33	0.28	0.12	-0.37	-0.43	0.06	0.02	0.34	-0.17	0.02	-0.22	0.08	0.02	-0.13	-0.12	0.19	-0.01	0.19	0.04	0.28	-0.41	0.13	0.14	-0.55	-0.43	0.07	-0.16	0.47	-0.36	0.04	-0.06	0.02	-0.01	-0.05	0.32	0.44	-1.79	1.27	-0.36	-0.69	1.08	-0.23	-0.19	0.25	0.05	0.16	0.58	0.22	-0.05	-0.03	0.07	-0.59	-0.23	-0.31	-0.2	0.25	-0.12	0.31	-0.03	1.12	-0.5	0.03	-0.08	-0.13	0.01	1.52	-0.71	0.07	1.22	-0.11	-2.97	0.16	0.18	-0.17	0.45	-0.24	0.27	0.2	-0.04	-0.03	0.27	-0.22	-0.01	-0.58	0.01	0.22	-0.36	0.35	0.06	0.55	0.18	-0.34	-0.21	-0.32
CCRERGCENMVCP	Negative	CCRERGCENMVCP	-0.06	0.12	0.4	-0.11	0.36	0.14	-0.44	0.28	0.08	0.56	-0.26	-0.12	0.21	-0.1	-0.01	-0.11	-0.31	0.08	-0.25	0.02	-0.59	-0.59	-0.04	0.21	0.04	-0.27	0.11	0.05	-0.4	0.91	0.67	-0.1	0.21	0.41	-0.38	0.25	-0.16	0.03	0.02	0.0	0.16	-0.11	-0.62	0.25	-0.77	-0.6	-2.1	-0.12	-0.73	0.44	-0.34	0.77	0.1	-0.23	-0.39	0.22	0.01	-0.09	0.09	-0.93	-0.14	-0.06	0.27	-0.11	-0.34	0.44	-0.05	-1.73	0.53	-1.65	-0.5	-0.69	-0.37	-2.56	-0.84	0.34	-1.39	0.46	-5.02	0.3	-0.32	0.32	0.63	-0.29	-0.47	-0.18	0.27	-0.14	0.34	-0.04	0.13	-0.87	0.33	0.57	-0.1	0.37	0.11	1.12	-0.48	0.77	-0.12	-0.71
GCWTDVSYWSFFC	Negative	GCWTDVSYWSFFC	-0.52	0.42	-0.28	-0.28	-0.38	-0.5	0.26	0.52	0.13	0.07	0.1	-0.23	-0.17	0.16	-0.13	-0.16	-0.17	-0.08	0.2	-0.36	0.06	-0.29	-0.42	-0.07	0.38	0.01	0.1	-0.53	-0.32	0.17	-0.13	0.04	-0.22	0.17	-0.02	0.49	-0.58	-0.07	0.09	0.09	0.07	-0.04	0.03	-0.17	2.97	-0.65	-1.32	1.7	-0.78	0.74	-0.94	0.51	-0.12	0.23	0.5	0.21	0.03	0.07	0.17	-0.63	-0.2	0.0	-0.08	-0.05	-0.64	0.12	0.11	1.76	1.21	-0.27	0.06	0.18	-0.08	1.66	0.34	-0.1	2.08	0.45	-3.24	-0.98	0.16	-0.39	0.66	0.36	-0.03	-0.01	-0.0	-0.09	0.17	-0.7	-0.25	-0.65	-0.3	0.26	-0.25	0.38	-0.36	-0.7	0.06	1.01	-0.0	-0.76
DCLVTYCPQVRCQ	Negative	DCLVTYCPQVRCQ	-0.22	0.23	-0.74	0.03	-0.52	-0.17	-0.42	0.02	0.05	0.33	-0.35	-0.24	-0.01	0.04	0.07	-0.1	-0.29	-0.05	-0.22	-0.03	-0.24	-0.3	0.03	0.38	0.11	-0.16	0.46	-0.07	-0.1	0.34	0.36	-0.5	0.31	0.23	-0.33	0.51	-0.33	-0.03	0.03	0.03	0.05	-0.15	-0.3	0.05	0.6	-0.44	-1.22	0.75	-0.38	-0.01	-0.09	0.77	-0.36	0.34	0.17	0.21	-0.01	-0.11	0.03	-0.85	-0.23	-0.1	0.15	-0.08	-0.17	0.14	-0.24	-1.39	0.18	-0.55	-0.25	-0.5	-0.16	-1.55	-0.24	0.35	-1.54	0.1	-4.43	-0.06	0.04	0.21	0.45	-0.05	-0.27	-0.0	-0.3	0.01	0.15	-0.48	0.21	-0.79	0.1	0.41	-0.28	-0.02	0.1	0.05	-0.51	0.26	-0.44	-0.39
PCNTKRTASC	Negative	PCNTKRTASC	0.09	0.4	-0.11	0.24	0.34	0.37	-0.54	0.31	0.06	0.51	-0.15	0.03	-0.46	0.04	-0.17	0.06	-0.4	0.39	-0.24	-0.29	-0.63	-0.2	0.18	0.37	0.31	-0.42	0.24	0.29	-0.19	0.28	0.37	-0.64	0.2	0.14	-0.5	0.43	-0.36	0.09	0.06	0.02	0.01	-0.14	-1.0	0.29	-3.06	-1.23	-0.51	-1.59	-0.8	0.43	0.83	0.77	-0.51	0.01	0.34	0.22	0.07	-0.11	0.15	-1.01	-0.32	-0.35	0.13	0.02	-0.62	0.31	-0.13	-1.43	-0.22	-0.73	-0.5	0.34	-0.48	-2.01	-0.55	0.11	-0.82	1.07	-5.53	-0.19	0.07	0.25	0.81	-0.42	-0.43	-0.34	-0.11	0.22	0.34	-0.16	0.38	-0.96	0.04	0.53	-0.44	0.19	-0.15	1.3	-0.58	0.39	-0.11	-0.04
MLFNISE	Negative	MLFNISE	-0.26	-0.41	0.39	0.12	-0.15	-0.23	-0.22	-0.46	0.18	-0.12	0.37	-0.14	-0.05	-0.09	-0.1	-0.19	-0.21	-0.21	0.29	0.42	0.18	0.3	0.04	-0.28	-0.41	0.01	-0.11	-0.23	-0.03	-0.14	-0.13	0.2	0.19	-0.44	-0.29	0.55	-0.4	-0.07	-0.01	-0.09	0.01	0.06	0.18	-0.45	2.36	-0.58	-0.61	1.38	-0.22	-1.21	-0.08	-0.33	-0.11	-0.17	-0.35	0.26	-0.04	0.0	0.03	-0.74	-0.23	-0.07	-0.08	-0.01	0.41	-0.04	-0.13	0.75	-0.74	0.23	-0.76	-0.34	0.31	0.95	-0.33	-0.27	0.95	-0.47	-3.9	0.27	-0.18	0.32	0.22	0.33	-0.06	0.1	-0.3	-0.29	-0.24	-0.18	-0.33	-0.71	0.24	0.38	0.06	0.23	0.09	-0.96	-0.07	0.06	-0.67	0.22
QHDRLLMLSYLV	Negative	QHDRLLMLSYLV	-0.18	-0.32	-1.07	0.28	-0.59	-0.3	-0.16	-0.62	0.05	0.08	0.11	0.0	0.05	-0.08	0.11	-0.12	-0.11	-0.07	0.04	0.46	0.3	0.46	0.06	0.16	-0.35	0.14	0.1	-0.13	0.01	-0.53	-0.07	-0.26	0.09	0.49	-0.29	0.57	-0.31	-0.07	-0.04	-0.07	-0.07	-0.0	0.45	-0.28	2.03	0.54	-0.04	1.55	0.46	-0.82	0.22	-0.12	0.08	-0.09	-0.15	0.24	-0.04	-0.01	-0.07	-0.67	-0.03	-0.02	-0.12	-0.09	0.35	0.06	0.0	0.83	-1.16	0.56	-0.37	-0.42	-0.09	0.99	-0.21	-0.39	0.63	-0.13	-3.44	0.42	-0.23	0.31	0.18	0.26	0.13	0.27	-0.27	0.08	-0.15	-0.03	-0.16	-0.64	0.3	0.33	-0.02	0.08	0.16	-0.92	-0.07	-0.68	-0.09	0.24
HAPRYHTIYGWP	Negative	HAPRYHTIYGWP	0.02	0.42	0.56	-0.13	0.57	0.0	0.42	-0.0	0.09	-0.13	-0.34	0.42	-0.21	0.08	0.14	-0.1	-0.08	0.14	0.03	-0.49	0.2	-0.17	0.34	0.03	0.5	0.19	0.1	-0.19	0.05	0.01	-0.23	-0.06	0.02	0.21	0.08	0.58	-0.42	-0.01	0.04	0.14	-0.05	0.03	0.31	-0.02	0.82	0.54	1.68	0.19	0.07	1.42	0.25	-0.3	-0.34	0.12	-0.26	0.2	0.09	0.13	0.03	-0.53	-0.08	0.03	-0.31	-0.16	-0.59	0.22	0.15	0.42	0.8	0.85	0.6	0.43	-0.29	0.96	1.14	0.3	-0.04	0.34	-2.67	-1.1	-0.05	-0.54	0.33	0.14	0.21	0.07	0.2	0.34	-0.17	0.11	0.48	-0.56	-0.39	0.11	-0.18	0.27	-0.48	-0.43	0.46	0.02	0.95	0.02
GPIFVNSDKGER	Negative	GPIFVNSDKGER	0.19	0.37	0.08	0.36	0.12	0.49	-0.13	0.04	0.03	-0.25	0.22	0.11	0.13	0.01	-0.16	-0.07	-0.37	0.05	-0.51	-0.42	-0.28	0.36	0.05	-0.15	0.35	-0.27	-0.01	0.26	-0.1	-0.24	0.03	0.38	-0.03	-0.07	-0.27	0.2	-0.36	0.09	0.07	-0.0	-0.06	0.02	-0.64	0.13	-2.58	-1.24	0.96	-2.15	-0.88	0.22	-0.1	-0.3	0.17	0.35	-0.1	0.22	0.03	-0.03	-0.04	-0.92	-0.18	-0.21	0.0	-0.13	-0.46	0.13	0.43	-0.83	-0.68	-0.39	0.4	0.48	0.18	-1.27	-0.27	-0.35	-0.26	0.72	-4.84	0.06	-0.03	0.09	0.81	-0.27	-0.11	-0.37	0.29	-0.24	-0.17	0.51	0.11	-0.86	0.12	0.33	-0.5	0.43	-0.5	0.84	-0.43	-0.13	-0.55	0.31
